stcode,docno,control,c_index,cerrflag,cprobfld,intcode,cluster,sitetype,q23,year,month,day,tracker,site_no,enterr,interr,measur,faxno,tifno,filestat,othlp,species,batch,row,kept,observe,alive,dead,sell,weighed,q11a,id
10,01,2101,44,0,,6783,2,1,5,2020,06,01,000101,0051599,0,1,1,DEJN2101.pdf,00145969.tif,ORIGINAL,YFT,4711,0001,1,3,3,0,0,0,0,2,2020-000101
34,01,2205,252,0,,7509,2,1,3,2020,06,04,001001,0011063,0,0,2,NJJN2205.pdf,00145993.tif,ORIGINAL,ATLANTIC BONITO,330,0010,1,0,0,1,0,0,0,2,2020-001001
10,01,1201,38,0,,6447,2,1,5,2020,06,07,001201,0051599,0,0,2,DEJN1201.pdf,00145999.tif,ORIGINAL,DOLPHIN,1050,0012,1,2,0,0,0,0,0,2,2020-001201
10,01,1201,39,0,,6447,2,1,5,2020,06,07,001201,0051599,0,0,2,DEJN1201.pdf,00145999.tif,ORIGINAL,BLUE MARLIN,2171,0012,2,0,0,1,0,0,0,2,2020-001201
10,03,1201,40,0,,6447,2,1,4,2020,06,07,001203,0051599,0,0,2,DEJN1201.pdf,00146002.tif,ORIGINAL,LITTLE TUNNY,4681,0012,1,0,0,1,0,0,0,2,2020-001203
10,04,1201,41,0,,6447,2,1,4,2020,06,07,001204,0050017,0,0,2,DEJN1201.pdf,00146004.tif,ORIGINAL,SHORTFIN MAKO SHARK,3551,0012,1,0,0,1,0,0,0,2,2020-001204
10,07,1201,43,0,,6447,2,1,6,2020,06,07,001207,0051599,0,0,2,DEJN1201.pdf,00146008.tif,ORIGINAL,GOLDEN TILEFISH,4467,0012,1,1,0,0,0,0,0,2,2020-001207
10,07,1201,42,0,,6447,2,1,6,2020,06,07,001207,0051599,0,0,2,DEJN1201.pdf,00146008.tif,ORIGINAL,BLACK SEA BASS,3350,0012,2,12,0,0,0,0,0,2,2020-001207
24,01,1102,69,0,,6555,4,3,3,2020,06,06,001601,0470856,0,0,2,MDJN1102.pdf,00146020.tif,ORIGINAL,ATLANTIC BONITO,330,0016,1,0,0,1,0,0,0,2,2020-001601
24,02,1102,70,0,,6555,4,3,2,2020,06,06,001602,0470856,0,0,2,MDJN1102.pdf,00146022.tif,ORIGINAL,BLACK SEA BASS,3350,0016,1,20,0,6,0,0,0,2,2020-001602
51,01,1202,397,0,,7696,1,1,9,2020,06,07,002301,8100002,0,1,2,VAJN1202.pdf,00146042.tif,ORIGINAL,TILEFISH,4470,0023,1,50,50,0,0,0,0,3,2020-002301
51,01,1202,395,0,,7696,1,1,9,2020,06,07,002301,8100002,0,1,2,VAJN1202.pdf,00146042.tif,ORIGINAL,BLACK SEA BASS,3350,0023,2,13,13,0,0,0,0,3,2020-002301
51,01,1202,398,0,,7696,1,1,9,2020,06,07,002301,8100002,0,1,2,VAJN1202.pdf,00146042.tif,ORIGINAL,LITTLE TUNNY,4681,0023,3,2,2,0,0,0,0,3,2020-002301
51,01,1202,396,0,,7696,1,1,9,2020,06,07,002301,8100002,0,1,2,VAJN1202.pdf,00146042.tif,ORIGINAL,SPINY DOGFISH,3521,0023,4,4,4,0,0,0,0,3,2020-002301
51,01,1202,399,0,,7696,1,1,9,2020,06,07,002301,8100002,0,1,2,VAJN1202.pdf,00146042.tif,ORIGINAL,HAMMERHEAD SHARK,4950,0023,5,0,0,1,0,0,0,3,2020-002301
51,02,1202,400,0,,7696,1,1,6,2020,06,07,002302,8100091,0,0,2,VAJN1202.pdf,00146044.tif,ORIGINAL,YFT,4711,0023,1,6,6,0,0,0,0,3,2020-002302
51,02,1202,401,0,,7696,1,1,6,2020,06,07,002302,8100091,0,0,2,VAJN1202.pdf,00146044.tif,ORIGINAL,HAMMERHEAD SHARK,4950,0023,2,0,0,1,0,0,0,3,2020-002302
51,03,1202,404,0,,7696,1,1,4,2020,06,07,002303,8100002,0,1,2,VAJN1202.pdf,00146046.tif,ORIGINAL,YFT,4711,0023,1,10,2,0,0,0,0,3,2020-002303
51,03,1202,402,0,,7696,1,1,4,2020,06,07,002303,8100002,0,1,2,VAJN1202.pdf,00146046.tif,ORIGINAL,BLACKFIN TUNA,4641,0023,2,4,0,0,0,0,0,3,2020-002303
51,03,1202,403,0,,7696,1,1,4,2020,06,07,002303,8100002,0,1,2,VAJN1202.pdf,00146046.tif,ORIGINAL,ALBACORE TUNA,4701,0023,3,1,1,0,0,0,0,3,2020-002303
51,01,2103,423,0,,7686,1,1,6,2020,06,05,002501,8100002,0,0,2,VAJN2103.pdf,00146052.tif,ORIGINAL,YFT,4711,0025,1,1,0,0,0,0,0,3,2020-002501
10,01,2201,54,0,,6783,2,1,8,2020,06,08,002601,0051599,0,0,2,DEJN2201.pdf,00146056.tif,ORIGINAL,YFT,4711,0026,1,8,8,0,0,0,0,2,2020-002601
24,01,2105,108,0,,6936,5,1,6,2020,06,08,002901,0471493,1,0,1,MDJN2105.pdf,00146065.tif,ORIGINAL,YFT,4711,0029,1,3,3,0,0,0,0,3,2020-002901
24,02,2105,109,0,,6936,5,1,4,2020,06,08,002902,0471493,0,0,2,MDJN2105.pdf,00146067.tif,ORIGINAL,WHITE MARLIN,2161,0029,1,0,0,2,0,0,0,2,2020-002902
24,03,2105,112,0,,6936,5,1,3,2020,06,08,002903,0471493,0,0,1,MDJN2105.pdf,00146069.tif,ORIGINAL,BIGEYE TUNA,4691,0029,1,1,1,0,0,0,0,3,2020-002903
24,03,2105,111,0,,6936,5,1,3,2020,06,08,002903,0471493,0,0,1,MDJN2105.pdf,00146069.tif,ORIGINAL,BFT YOUNG SCHOOL,4673,0029,2,0,0,1,0,0,0,3,2020-002903
24,03,2105,110,0,,6936,5,1,3,2020,06,08,002903,0471493,0,0,1,MDJN2105.pdf,00146069.tif,ORIGINAL,DOLPHIN,1050,0029,3,1,1,0,0,0,0,3,2020-002903
24,04,2105,113,0,,6936,5,1,6,2020,06,08,002904,0471493,0,0,2,MDJN2105.pdf,00146071.tif,ORIGINAL,BFT YOUNG SCHOOL,4673,0029,1,0,0,15,0,0,0,3,2020-002904
24,05,2105,114,1,RARE OR ILLEGAL SPECIES KEPT;,6936,5,1,9,2020,06,08,002905,0471493,0,0,2,MDJN2105.pdf,00146073.tif,ORIGINAL,BLUE MARLIN,2171,0029,1,1,1,0,0,0,0,3,2020-002905
24,05,2105,115,0,,6936,5,1,9,2020,06,08,002905,0471493,0,0,2,MDJN2105.pdf,00146073.tif,ORIGINAL,BFT YOUNG SCHOOL,4673,0029,2,0,0,10,0,0,0,3,2020-002905
51,01,2203,450,0,,7686,1,1,5,2020,06,08,003001,8100091,0,0,2,VAJN2203.pdf,00146077.tif,ORIGINAL,YFT,4711,0030,1,11,0,1,0,0,0,2,2020-003001
51,01,2203,449,0,,7686,1,1,5,2020,06,08,003001,8100091,0,0,2,VAJN2203.pdf,00146077.tif,ORIGINAL,BIGEYE TUNA,4691,0030,2,1,0,0,0,0,0,2,2020-003001
51,02,2203,452,0,,7686,1,1,6,2020,06,08,003002,8100002,0,0,1,VAJN2203.pdf,00146079.tif,ORIGINAL,YFT,4711,0030,1,5,5,0,0,0,0,3,2020-003002
51,02,2203,451,0,,7686,1,1,6,2020,06,08,003002,8100002,0,0,1,VAJN2203.pdf,00146079.tif,ORIGINAL,BLACKFIN TUNA,4641,0030,2,10,10,0,0,0,0,3,2020-003002
51,02,2203,453,0,,7686,1,1,6,2020,06,08,003002,8100002,0,0,1,VAJN2203.pdf,00146079.tif,ORIGINAL,DUSKY SHARK,4841,0030,3,0,0,3,0,0,0,3,2020-003002
51,03,2203,456,0,,7686,1,1,6,2020,06,08,003003,8100091,0,0,1,VAJN2203.pdf,00146081.tif,ORIGINAL,SKIPJACK TUNA,4661,0030,1,4,4,0,0,0,0,2,2020-003003
51,03,2203,454,0,,7686,1,1,6,2020,06,08,003003,8100091,0,0,1,VAJN2203.pdf,00146081.tif,ORIGINAL,DOLPHIN,1050,0030,2,1,1,0,0,0,0,2,2020-003003
51,03,2203,457,0,,7686,1,1,6,2020,06,08,003003,8100091,0,0,1,VAJN2203.pdf,00146081.tif,ORIGINAL,YFT,4711,0030,3,11,11,0,0,0,0,2,2020-003003
51,03,2203,455,0,,7686,1,1,6,2020,06,08,003003,8100091,0,0,1,VAJN2203.pdf,00146081.tif,ORIGINAL,BLACKFIN TUNA,4641,0030,4,2,2,0,0,0,0,2,2020-003003
24,01,2201,161,0,,6936,5,1,6,2020,06,12,003901,0471493,0,0,1,MDJN2201.pdf,00146104.tif,ORIGINAL,YFT,4711,0039,1,18,18,0,0,0,0,3,2020-003901
24,02,2201,162,0,,6936,5,1,6,2020,06,12,003902,0471493,0,0,1,MDJN2201.pdf,00146106.tif,ORIGINAL,YFT,4711,0039,1,8,8,0,0,0,0,3,2020-003902
24,03,2201,163,0,,6936,5,1,6,2020,06,12,003903,0471493,0,0,1,MDJN2201.pdf,00146108.tif,ORIGINAL,YFT,4711,0039,1,2,2,0,0,0,0,3,2020-003903
24,04,2201,164,0,,6936,5,1,4,2020,06,12,003904,0471493,0,0,2,MDJN2201.pdf,00146110.tif,ORIGINAL,YFT,4711,0039,1,10,0,0,0,0,0,2,2020-003904
24,05,2201,166,0,,6936,5,1,4,2020,06,12,003905,0471493,0,0,1,MDJN2201.pdf,00146112.tif,ORIGINAL,YFT,4711,0039,1,4,4,0,0,0,0,3,2020-003905
24,05,2201,165,0,,6936,5,1,4,2020,06,12,003905,0471493,0,0,1,MDJN2201.pdf,00146112.tif,ORIGINAL,DOLPHIN,1050,0039,2,4,4,0,0,0,0,3,2020-003905
34,01,2106,238,0,,6013,6,1,5,2020,06,10,004101,0251050,0,0,2,NJJN2106.pdf,00146121.tif,ORIGINAL,LITTLE TUNNY,4681,0041,1,0,0,1,0,0,0,2,2020-004101
34,02,2106,239,0,,6013,6,1,6,2020,06,10,004102,0251808,0,0,2,NJJN2106.pdf,00146123.tif,ORIGINAL,BFT SMALL MEDIUM,4676,0041,1,0,0,1,0,0,0,2,2020-004102
34,03,2106,240,0,,6013,6,1,6,2020,06,10,004103,0251808,0,0,2,NJJN2106.pdf,00146125.tif,ORIGINAL,BIGEYE TUNA,4691,0041,1,1,0,0,0,0,0,3,2020-004103
34,04,2106,242,0,,6013,6,1,4,2020,06,10,004104,0259005,0,0,2,NJJN2106.pdf,00146127.tif,ORIGINAL,LITTLE TUNNY,4681,0041,1,0,0,2,0,0,0,3,2020-004104
34,04,2106,241,0,,6013,6,1,4,2020,06,10,004104,0259005,0,0,2,NJJN2106.pdf,00146127.tif,ORIGINAL,ATLANTIC BONITO,330,0041,2,0,0,1,0,0,0,3,2020-004104
36,01,1205,294,1,HMS KEPT NO PERMIT;,7684,4,1,3,2020,06,13,004601,1030146,0,0,2,NYJN1205.pdf,00146145.tif,ORIGINAL,BFT LARGE SCHOOL,4678,0046,1,1,1,0,0,0,0,4,2020-004601
36,02,1205,295,0,,7684,4,1,4,2020,06,13,004602,1030146,0,0,2,NYJN1205.pdf,00146147.tif,ORIGINAL,BFT SCHOOL,4677,0046,1,2,2,1,0,0,0,2,2020-004602
36,04,1205,296,0,,7684,4,1,5,2020,06,13,004604,1030085,0,0,1,NYJN1205.pdf,00146150.tif,ORIGINAL,BFT SCHOOL,4677,0046,1,2,2,6,0,0,0,2,2020-004604
36,04,1205,297,0,,7684,4,1,5,2020,06,13,004604,1030085,0,0,1,NYJN1205.pdf,00146150.tif,ORIGINAL,BFT LARGE SCHOOL,4678,0046,2,1,1,0,0,0,0,2,2020-004604
36,05,1205,298,0,,7684,4,1,3,2020,06,13,004605,1030137,0,0,2,NYJN1205.pdf,00146152.tif,ORIGINAL,BFT SCHOOL,4677,0046,1,1,0,6,0,0,0,2,2020-004605
36,06,1205,300,0,,7684,4,1,6,2020,06,13,004606,1030085,0,0,1,NYJN1205.pdf,00146154.tif,ORIGINAL,BIGEYE TUNA,4691,0046,1,1,1,0,0,0,0,2,2020-004606
36,06,1205,299,0,,7684,4,1,6,2020,06,13,004606,1030085,0,0,1,NYJN1205.pdf,00146154.tif,ORIGINAL,BFT SCHOOL,4677,0046,2,2,2,0,0,0,0,2,2020-004606
51,01,1103,380,0,,7661,3,1,5,2020,06,13,005001,8100088,0,0,1,VAJN1103.pdf,00146169.tif,ORIGINAL,YFT,4711,0050,1,2,2,0,0,0,0,3,2020-005001
51,01,1103,378,0,,7661,3,1,5,2020,06,13,005001,8100088,0,0,1,VAJN1103.pdf,00146169.tif,ORIGINAL,SKIPJACK TUNA,4661,0050,2,2,2,0,0,0,0,3,2020-005001
51,01,1103,379,0,,7661,3,1,5,2020,06,13,005001,8100088,0,0,1,VAJN1103.pdf,00146169.tif,ORIGINAL,BIGEYE TUNA,4691,0050,3,1,1,0,0,0,0,3,2020-005001
51,01,1103,377,0,,7661,3,1,5,2020,06,13,005001,8100088,0,0,1,VAJN1103.pdf,00146169.tif,ORIGINAL,SHORTFIN MAKO SHARK,3551,0050,4,0,0,1,0,0,0,3,2020-005001
51,02,1103,383,0,,7661,3,1,6,2020,06,13,005002,8100088,0,0,1,VAJN1103.pdf,00146171.tif,ORIGINAL,YFT,4711,0050,1,14,9,0,0,0,0,3,2020-005002
51,02,1103,381,0,,7661,3,1,6,2020,06,13,005002,8100088,0,0,1,VAJN1103.pdf,00146171.tif,ORIGINAL,BLACKFIN TUNA,4641,0050,2,2,0,0,0,0,0,3,2020-005002
51,02,1103,382,0,,7661,3,1,6,2020,06,13,005002,8100088,0,0,1,VAJN1103.pdf,00146171.tif,ORIGINAL,SKIPJACK TUNA,4661,0050,3,3,0,0,0,0,0,3,2020-005002
51,01,1105,385,0,,7688,1,1,5,2020,06,14,005601,8100002,0,0,1,VAJN1105.pdf,00146188.tif,ORIGINAL,SKIPJACK TUNA,4661,0056,1,4,4,0,0,0,0,3,2020-005601
51,01,1105,386,0,,7688,1,1,5,2020,06,14,005601,8100002,0,0,1,VAJN1105.pdf,00146188.tif,ORIGINAL,YFT,4711,0056,2,14,14,0,0,0,0,3,2020-005601
24,01,2107,135,1,ALIVE;,6447,3,1,6,2020,06,12,005701,0470853,0,0,2,MDJN2107.pdf,00146192.tif,ORIGINAL,BLACKTIP SHARK,4871,0057,1,0,0,2,0,0,0,3,2020-005701
24,01,2107,134,0,,6447,3,1,6,2020,06,12,005701,0470853,0,0,2,MDJN2107.pdf,00146192.tif,ORIGINAL,DUSKY SHARK,4841,0057,2,0,0,2,0,0,0,3,2020-005701
24,01,2107,136,0,,6447,3,1,6,2020,06,12,005701,0470853,0,0,2,MDJN2107.pdf,00146192.tif,ORIGINAL,SPINNER SHARK,4881,0057,3,0,0,6,0,0,0,3,2020-005701
24,01,2107,133,0,,6447,3,1,6,2020,06,12,005701,0470853,0,0,2,MDJN2107.pdf,00146192.tif,ORIGINAL,SANDBAR SHARK,4821,0057,4,0,0,1,0,0,0,3,2020-005701
24,02,2107,137,0,,6447,3,1,6,2020,06,12,005702,0470853,0,0,2,MDJN2107.pdf,00146194.tif,ORIGINAL,YFT,4711,0057,1,13,0,1,0,0,0,3,2020-005702
24,03,2107,138,0,,6447,3,1,5,2020,06,12,005703,0470853,0,0,2,MDJN2107.pdf,00146196.tif,ORIGINAL,YFT,4711,0057,1,4,0,0,0,0,0,2,2020-005703
24,04,2107,139,0,,6447,3,1,6,2020,06,12,005704,0470853,0,0,2,MDJN2107.pdf,00146198.tif,ORIGINAL,YFT,4711,0057,1,1,0,0,0,0,0,3,2020-005704
36,01,2204,354,0,,7684,4,1,3,2020,06,18,006601,1030137,0,0,1,NYJN2204.pdf,00146223.tif,ORIGINAL,BFT SCHOOL,4677,0066,1,2,2,6,0,0,0,2,2020-006601
36,02,2204,356,0,,7684,4,1,2,2020,06,18,006602,1030137,1,0,2,NYJN2204.pdf,00146225.tif,ORIGINAL,BLUE SHARK,4931,0066,1,0,0,1,0,0,0,3,2020-006602
36,02,2204,355,0,,7684,4,1,2,2020,06,18,006602,1030137,1,0,2,NYJN2204.pdf,00146225.tif,ORIGINAL,BLUEFISH,230,0066,2,5,0,0,0,0,0,3,2020-006602
51,01,2108,444,0,,7661,1,1,6,2020,06,18,006901,8100091,0,0,2,VAJN2108.pdf,00146235.tif,ORIGINAL,YFT,4711,0069,1,8,8,0,0,0,0,3,2020-006901
51,02,2108,445,0,,7661,1,1,4,2020,06,18,006902,8100002,0,0,1,VAJN2108.pdf,00146237.tif,ORIGINAL,YFT,4711,0069,1,3,3,0,0,0,0,3,2020-006902
36,01,2212,362,0,,7517,6,1,4,2020,06,19,007101,1030338,0,0,2,NYJN2212.pdf,00146245.tif,ORIGINAL,BFT SCHOOL,4677,0071,1,3,0,22,0,0,0,3,2020-007101
10,01,1102,1,0,,6447,2,1,3,2020,06,21,007201,0051599,0,0,2,DEJN1102.pdf,00146249.tif,ORIGINAL,YFT,4711,0072,1,6,0,0,0,0,0,2,2020-007201
10,02,1102,3,0,,6447,2,1,3,2020,06,21,007202,0051599,0,0,2,DEJN1102.pdf,00146251.tif,ORIGINAL,YFT,4711,0072,1,1,0,0,0,0,0,2,2020-007202
10,02,1102,2,0,,6447,2,1,3,2020,06,21,007202,0051599,0,0,2,DEJN1102.pdf,00146251.tif,ORIGINAL,SKIPJACK TUNA,4661,0072,2,1,0,0,0,0,0,2,2020-007202
10,03,1102,4,0,,6447,2,1,3,2020,06,21,007203,0051599,0,0,2,DEJN1102.pdf,00146253.tif,ORIGINAL,YFT,4711,0072,1,4,0,2,0,0,0,2,2020-007203
10,04,1102,5,0,,6447,2,1,6,2020,06,21,007204,0051599,0,0,2,DEJN1102.pdf,00146255.tif,ORIGINAL,YFT,4711,0072,1,4,0,0,0,0,0,2,2020-007204
10,05,1102,6,0,,6447,2,1,8,2020,06,21,007205,0051599,1,0,2,DEJN1102.pdf,00146257.tif,ORIGINAL,YFT,4711,0072,1,4,0,0,0,0,0,2,2020-007205
10,06,1102,10,0,,6447,2,1,5,2020,06,21,007206,0051599,0,0,2,DEJN1102.pdf,00146259.tif,ORIGINAL,YFT,4711,0072,1,2,0,0,0,0,0,2,2020-007206
10,06,1102,7,0,,6447,2,1,5,2020,06,21,007206,0051599,0,0,2,DEJN1102.pdf,00146259.tif,ORIGINAL,DOLPHIN,1050,0072,2,1,0,0,0,0,0,2,2020-007206
10,06,1102,9,0,,6447,2,1,5,2020,06,21,007206,0051599,0,0,2,DEJN1102.pdf,00146259.tif,ORIGINAL,SKIPJACK TUNA,4661,0072,3,1,1,0,0,0,0,2,2020-007206
10,06,1102,8,0,,6447,2,1,5,2020,06,21,007206,0051599,0,0,2,DEJN1102.pdf,00146259.tif,ORIGINAL,BLACK SEA BASS,3350,0072,4,1,0,0,0,0,0,2,2020-007206
10,07,1102,11,0,,6447,2,1,7,2020,06,21,007207,0051599,0,0,2,DEJN1102.pdf,00146261.tif,ORIGINAL,YFT,4711,0072,1,7,0,0,0,0,0,2,2020-007207
10,08,1102,13,0,,6447,2,1,5,2020,06,21,007208,0051599,0,0,2,DEJN1102.pdf,00146263.tif,ORIGINAL,YFT,4711,0072,1,5,0,0,0,0,0,2,2020-007208
10,08,1102,12,0,,6447,2,1,5,2020,06,21,007208,0051599,0,0,2,DEJN1102.pdf,00146263.tif,ORIGINAL,BIGEYE TUNA,4691,0072,2,2,0,0,0,0,0,2,2020-007208
10,01,1103,14,0,,6447,2,1,7,2020,06,20,007301,0051599,0,0,2,DEJN1103.pdf,00146283.tif,ORIGINAL,BIGEYE TUNA,4691,0073,1,1,0,0,0,0,0,8,2020-007301
10,01,1103,15,0,,6447,2,1,7,2020,06,20,007301,0051599,0,0,2,DEJN1103.pdf,00146283.tif,ORIGINAL,YFT,4711,0073,2,1,0,0,0,0,0,8,2020-007301
10,02,1103,17,0,,6447,2,1,5,2020,06,20,007302,0051599,0,0,2,DEJN1103.pdf,00146285.tif,ORIGINAL,YFT,4711,0073,1,4,0,0,0,0,0,2,2020-007302
10,02,1103,16,0,,6447,2,1,5,2020,06,20,007302,0051599,0,0,2,DEJN1103.pdf,00146285.tif,ORIGINAL,SKIPJACK TUNA,4661,0073,2,1,0,0,0,0,0,2,2020-007302
10,03,1103,18,0,,6447,2,1,9,2020,06,20,007303,0051599,0,0,2,DEJN1103.pdf,00146287.tif,ORIGINAL,YFT,4711,0073,1,2,0,0,0,0,0,3,2020-007303
10,06,1103,19,0,,6447,2,1,6,2020,06,20,007306,0051599,0,0,2,DEJN1103.pdf,00146291.tif,ORIGINAL,YFT,4711,0073,1,3,0,0,0,0,0,2,2020-007306
10,08,1103,20,0,,6447,2,1,2,2020,06,20,007308,0051599,0,0,2,DEJN1103.pdf,00146294.tif,ORIGINAL,LITTLE TUNNY,4681,0073,1,0,0,1,0,0,0,3,2020-007308
10,09,1103,21,0,,6447,2,1,5,2020,06,20,007309,0051599,0,0,2,DEJN1103.pdf,00146296.tif,ORIGINAL,YFT,4711,0073,1,1,0,0,0,0,0,2,2020-007309
10,10,1103,22,0,,6447,2,1,4,2020,06,20,007310,0051599,0,0,2,DEJN1103.pdf,00146298.tif,ORIGINAL,YFT,4711,0073,1,1,0,0,0,0,0,2,2020-007310
10,11,1103,23,0,,6447,2,1,4,2020,06,20,007311,0051599,0,0,2,DEJN1103.pdf,00146300.tif,ORIGINAL,ALBACORE TUNA,4701,0073,1,1,0,0,0,0,0,2,2020-007311
10,11,1103,24,0,,6447,2,1,4,2020,06,20,007311,0051599,0,0,2,DEJN1103.pdf,00146300.tif,ORIGINAL,YFT,4711,0073,2,1,0,0,0,0,0,2,2020-007311
10,12,1103,25,0,,6447,2,1,4,2020,06,20,007312,0051599,0,0,2,DEJN1103.pdf,00146302.tif,ORIGINAL,YFT,4711,0073,1,2,0,0,0,0,0,2,2020-007312
10,13,1103,26,0,,6447,2,1,4,2020,06,20,007313,0051599,0,0,2,DEJN1103.pdf,00146304.tif,ORIGINAL,YFT,4711,0073,1,1,0,0,0,0,0,2,2020-007313
10,15,1103,29,0,,6447,2,1,7,2020,06,20,007315,0051599,0,0,2,DEJN1103.pdf,00146307.tif,ORIGINAL,YFT,4711,0073,1,1,0,0,0,0,0,2,2020-007315
10,15,1103,28,0,,6447,2,1,7,2020,06,20,007315,0051599,0,0,2,DEJN1103.pdf,00146307.tif,ORIGINAL,SKIPJACK TUNA,4661,0073,2,0,0,1,0,0,0,2,2020-007315
10,15,1103,27,0,,6447,2,1,7,2020,06,20,007315,0051599,0,0,2,DEJN1103.pdf,00146307.tif,ORIGINAL,BLUE MARLIN,2171,0073,3,0,0,1,0,0,0,2,2020-007315
10,16,1103,32,0,,6447,2,1,5,2020,06,20,007316,0051599,0,0,2,DEJN1103.pdf,00146309.tif,ORIGINAL,YFT,4711,0073,1,2,0,0,0,0,0,2,2020-007316
10,16,1103,30,0,,6447,2,1,5,2020,06,20,007316,0051599,0,0,2,DEJN1103.pdf,00146309.tif,ORIGINAL,DOLPHIN,1050,0073,2,2,0,0,0,0,0,2,2020-007316
10,16,1103,31,0,,6447,2,1,5,2020,06,20,007316,0051599,0,0,2,DEJN1103.pdf,00146309.tif,ORIGINAL,SHORTFIN MAKO SHARK,3551,0073,3,0,0,1,0,0,0,2,2020-007316
10,17,1103,33,0,,6447,2,1,3,2020,06,20,007317,0051599,0,0,2,DEJN1103.pdf,00146311.tif,ORIGINAL,YFT,4711,0073,1,1,0,0,0,0,0,2,2020-007317
10,18,1103,34,0,,6447,2,1,5,2020,06,20,007318,0051599,0,0,2,DEJN1103.pdf,00146313.tif,ORIGINAL,YFT,4711,0073,1,1,0,0,0,0,0,2,2020-007318
10,19,1103,35,0,,6447,2,1,11,2020,06,20,007319,0051599,0,0,2,DEJN1103.pdf,00146315.tif,ORIGINAL,YFT,4711,0073,1,3,0,0,0,0,0,3,2020-007319
10,20,1103,36,0,,6447,2,1,6,2020,06,20,007320,0051599,0,0,2,DEJN1103.pdf,00146317.tif,ORIGINAL,YFT,4711,0073,1,2,0,0,0,0,0,2,2020-007320
10,21,1103,37,0,,6447,2,1,6,2020,06,20,007321,0051599,0,0,2,DEJN1103.pdf,00146319.tif,ORIGINAL,YFT,4711,0073,1,1,0,0,0,0,0,3,2020-007321
10,01,2202,56,0,,6783,2,1,6,2020,06,19,007401,0051599,0,0,1,DEJN2202.pdf,00146326.tif,ORIGINAL,YFT,4711,0074,1,5,5,0,0,0,0,3,2020-007401
10,01,2202,55,0,,6783,2,1,6,2020,06,19,007401,0051599,0,0,1,DEJN2202.pdf,00146326.tif,ORIGINAL,BIGEYE TUNA,4691,0074,2,2,2,0,0,0,0,3,2020-007401
10,02,2202,57,0,,6783,2,1,5,2020,06,19,007402,0051599,0,0,2,DEJN2202.pdf,00146328.tif,ORIGINAL,DOLPHIN,1050,0074,1,1,1,0,0,0,0,3,2020-007402
10,02,2202,58,0,,6783,2,1,5,2020,06,19,007402,0051599,0,0,2,DEJN2202.pdf,00146328.tif,ORIGINAL,GOLDEN TILEFISH,4467,0074,2,2,2,0,0,0,0,3,2020-007402
10,02,2202,59,0,,6783,2,1,5,2020,06,19,007402,0051599,0,0,2,DEJN2202.pdf,00146328.tif,ORIGINAL,BIGEYE TUNA,4691,0074,3,1,1,0,0,0,0,3,2020-007402
10,02,2202,60,0,,6783,2,1,5,2020,06,19,007402,0051599,0,0,2,DEJN2202.pdf,00146328.tif,ORIGINAL,YFT,4711,0074,4,18,8,3,0,0,0,3,2020-007402
10,03,2202,61,0,,6783,2,1,6,2020,06,19,007403,0051599,0,0,1,DEJN2202.pdf,00146330.tif,ORIGINAL,YFT,4711,0074,1,4,4,0,0,0,0,3,2020-007403
10,04,2202,62,0,,6783,2,1,4,2020,06,19,007404,0051599,0,0,1,DEJN2202.pdf,00146332.tif,ORIGINAL,YFT,4711,0074,1,10,10,0,0,0,0,2,2020-007404
10,06,2202,64,0,,6783,2,1,5,2020,06,19,007406,0050017,0,0,2,DEJN2202.pdf,00146335.tif,ORIGINAL,YFT,4711,0074,1,5,5,0,0,0,0,2,2020-007406
10,06,2202,63,1,ALIVE;,6783,2,1,5,2020,06,19,007406,0050017,0,0,2,DEJN2202.pdf,00146335.tif,ORIGINAL,TUNA,4656,0074,2,0,0,1,0,0,0,2,2020-007406
10,08,2202,66,0,,6783,2,1,3,2020,06,19,007408,0051599,0,1,1,DEJN2202.pdf,00146338.tif,REVISED,YFT,4711,0074,1,2,2,0,0,0,0,2,2020-007408
10,08,2202,65,0,,6783,2,1,3,2020,06,19,007408,0051599,0,1,1,DEJN2202.pdf,00146338.tif,REVISED,BIGEYE TUNA,4691,0074,2,1,1,1,0,0,0,2,2020-007408
25,01,2204,191,0,,7764,8,3,2,2020,06,22,007701,0230217,0,1,2,MAJN2204.pdf,00146344.tif,ORIGINAL,ATLANTIC MACKEREL,2120,0077,1,10,0,0,0,0,0,1,2020-007701
25,01,2204,193,0,,7764,8,3,2,2020,06,22,007701,0230217,0,1,2,MAJN2204.pdf,00146344.tif,ORIGINAL,SILVER HAKE,5090,0077,2,10,0,0,0,0,0,1,2020-007701
25,01,2204,192,0,,7764,8,3,2,2020,06,22,007701,0230217,0,1,2,MAJN2204.pdf,00146344.tif,ORIGINAL,MENHADEN,2210,0077,3,10,0,0,0,0,0,1,2020-007701
24,01,1201,71,0,,6936,5,1,3,2020,06,20,007801,0471493,0,0,2,MDJN1201.pdf,00146348.tif,ORIGINAL,YFT,4711,0078,1,8,8,0,0,0,0,3,2020-007801
24,02,1201,73,0,,6936,5,1,5,2020,06,20,007802,0471493,0,1,1,MDJN1201.pdf,00146350.tif,ORIGINAL,YFT,4711,0078,1,7,7,0,0,0,0,2,2020-007802
24,02,1201,74,0,,6936,5,1,5,2020,06,20,007802,0471493,0,1,1,MDJN1201.pdf,00146350.tif,ORIGINAL,WAHOO,4720,0078,2,1,1,0,0,0,0,2,2020-007802
24,02,1201,72,0,,6936,5,1,5,2020,06,20,007802,0471493,0,1,1,MDJN1201.pdf,00146350.tif,ORIGINAL,SHORTFIN MAKO SHARK,3551,0078,3,0,0,3,0,0,0,2,2020-007802
24,03,1201,75,0,,6936,5,1,5,2020,06,20,007803,0471493,0,0,2,MDJN1201.pdf,00146352.tif,ORIGINAL,YFT,4711,0078,1,2,2,0,0,0,0,3,2020-007803
24,04,1201,76,0,,6936,5,1,5,2020,06,20,007804,0471493,0,0,1,MDJN1201.pdf,00146354.tif,ORIGINAL,YFT,4711,0078,1,5,5,0,0,0,0,2,2020-007804
24,05,1201,77,0,,6936,5,1,2,2020,06,20,007805,0471493,0,0,2,MDJN1201.pdf,00146356.tif,ORIGINAL,YFT,4711,0078,1,6,6,0,0,0,0,2,2020-007805
24,06,1201,80,0,,6936,5,1,7,2020,06,20,007806,0471493,0,0,2,MDJN1201.pdf,00146358.tif,ORIGINAL,YFT,4711,0078,1,17,17,0,0,0,0,2,2020-007806
24,06,1201,79,0,,6936,5,1,7,2020,06,20,007806,0471493,0,0,2,MDJN1201.pdf,00146358.tif,ORIGINAL,BIGEYE TUNA,4691,0078,2,4,4,0,0,0,0,2,2020-007806
24,06,1201,78,0,,6936,5,1,7,2020,06,20,007806,0471493,0,0,2,MDJN1201.pdf,00146358.tif,ORIGINAL,SKIPJACK TUNA,4661,0078,3,0,0,1,0,0,0,2,2020-007806
24,07,1201,81,0,,6936,5,1,8,2020,06,20,007807,0471493,0,0,2,MDJN1201.pdf,00146360.tif,ORIGINAL,YFT,4711,0078,1,3,0,0,0,0,0,3,2020-007807
24,08,1201,82,0,,6936,5,1,6,2020,06,20,007808,0471493,0,0,1,MDJN1201.pdf,00146362.tif,ORIGINAL,YFT,4711,0078,1,5,5,0,0,0,0,3,2020-007808
24,09,1201,83,0,,6936,5,1,4,2020,06,20,007809,0471493,0,0,2,MDJN1201.pdf,00146364.tif,ORIGINAL,YFT,4711,0078,1,2,2,0,0,0,0,2,2020-007809
24,10,1201,85,0,,6936,5,1,6,2020,06,20,007810,0471493,0,0,2,MDJN1201.pdf,00146366.tif,ORIGINAL,YFT,4711,0078,1,1,1,0,0,0,0,2,2020-007810
24,10,1201,84,0,,6936,5,1,6,2020,06,20,007810,0471493,0,0,2,MDJN1201.pdf,00146366.tif,ORIGINAL,BIGEYE TUNA,4691,0078,2,1,1,0,0,0,0,2,2020-007810
24,13,1201,87,0,,6936,5,1,3,2020,06,20,007813,0471493,0,0,2,MDJN1201.pdf,00146370.tif,ORIGINAL,YFT,4711,0078,1,3,3,0,0,0,0,2,2020-007813
24,13,1201,86,0,,6936,5,1,3,2020,06,20,007813,0471493,0,0,2,MDJN1201.pdf,00146370.tif,ORIGINAL,BLUE MARLIN,2171,0078,2,0,0,1,0,0,0,2,2020-007813
24,15,1201,88,0,,6936,5,1,5,2020,06,20,007815,0471493,0,0,2,MDJN1201.pdf,00146373.tif,ORIGINAL,YFT,4711,0078,1,3,3,0,0,0,0,2,2020-007815
24,01,1204,99,0,,6936,5,1,6,2020,06,21,007901,0471493,0,0,1,MDJN1204.pdf,00146439.tif,ORIGINAL,YFT,4711,0079,1,5,5,0,0,0,0,3,2020-007901
24,01,1204,98,0,,6936,5,1,6,2020,06,21,007901,0471493,0,0,1,MDJN1204.pdf,00146439.tif,ORIGINAL,SHORTFIN MAKO SHARK,3551,0079,2,0,0,1,0,0,0,3,2020-007901
24,02,1204,101,0,,6936,5,1,6,2020,06,21,007902,0471493,0,0,2,MDJN1204.pdf,00146441.tif,ORIGINAL,YFT,4711,0079,1,18,18,0,0,0,0,3,2020-007902
24,02,1204,100,0,,6936,5,1,6,2020,06,21,007902,0471493,0,0,2,MDJN1204.pdf,00146441.tif,ORIGINAL,BIGEYE TUNA,4691,0079,2,1,1,0,0,0,0,3,2020-007902
24,03,1204,102,0,,6936,5,1,7,2020,06,21,007903,0471493,0,0,2,MDJN1204.pdf,00146443.tif,ORIGINAL,YFT,4711,0079,1,3,3,0,0,0,0,2,2020-007903
24,04,1204,103,0,,6936,5,1,6,2020,06,21,007904,0471493,1,0,1,MDJN1204.pdf,00146445.tif,ORIGINAL,YFT,4711,0079,1,1,1,0,0,0,0,3,2020-007904
24,05,1204,105,0,,6936,5,1,8,2020,06,21,007905,0471493,0,0,1,MDJN1204.pdf,00146447.tif,ORIGINAL,YFT,4711,0079,1,5,5,0,0,0,0,2,2020-007905
24,05,1204,104,0,,6936,5,1,8,2020,06,21,007905,0471493,0,0,1,MDJN1204.pdf,00146447.tif,ORIGINAL,WHITE MARLIN,2161,0079,2,0,0,1,0,0,0,2,2020-007905
24,06,1204,107,0,,6936,5,1,6,2020,06,21,007906,0471493,1,0,1,MDJN1204.pdf,00146449.tif,ORIGINAL,YFT,4711,0079,1,4,4,0,0,0,0,3,2020-007906
24,06,1204,106,0,,6936,5,1,6,2020,06,21,007906,0471493,1,0,1,MDJN1204.pdf,00146449.tif,ORIGINAL,DOLPHIN,1050,0079,2,1,1,0,0,0,0,3,2020-007906
24,01,2106,117,0,,6555,4,3,3,2020,06,19,008001,0470856,0,0,2,MDJN2106.pdf,00146453.tif,ORIGINAL,YFT,4711,0080,1,1,0,0,0,0,0,2,2020-008001
24,01,2106,116,0,,6555,4,3,3,2020,06,19,008001,0470856,0,0,2,MDJN2106.pdf,00146453.tif,ORIGINAL,ATLANTIC BONITO,330,0080,2,0,0,1,0,0,0,2,2020-008001
24,02,2106,118,0,,6555,4,3,4,2020,06,19,008002,0470856,1,0,2,MDJN2106.pdf,00146455.tif,ORIGINAL,YFT,4711,0080,1,5,0,0,0,0,0,2,2020-008002
24,03,2106,119,0,,6555,4,3,3,2020,06,19,008003,0470856,0,0,2,MDJN2106.pdf,00146457.tif,ORIGINAL,DOLPHIN,1050,0080,1,1,0,0,0,0,0,2,2020-008003
24,03,2106,120,0,,6555,4,3,3,2020,06,19,008003,0470856,0,0,2,MDJN2106.pdf,00146457.tif,ORIGINAL,YFT,4711,0080,2,1,0,0,0,0,0,2,2020-008003
24,04,2106,121,0,,6555,4,3,5,2020,06,19,008004,0470856,0,0,2,MDJN2106.pdf,00146459.tif,ORIGINAL,YFT,4711,0080,1,6,0,0,0,0,0,8,2020-008004
24,06,2106,122,0,,6555,4,3,4,2020,06,19,008006,0470856,0,0,2,MDJN2106.pdf,00146462.tif,ORIGINAL,YFT,4711,0080,1,1,0,0,0,0,0,2,2020-008006
24,07,2106,123,0,,6555,4,3,4,2020,06,19,008007,0470856,0,0,2,MDJN2106.pdf,00146464.tif,ORIGINAL,YFT,4711,0080,1,3,0,0,0,0,0,2,2020-008007
24,08,2106,124,0,,6555,4,3,2,2020,06,19,008008,0470856,1,0,2,MDJN2106.pdf,00146466.tif,ORIGINAL,YFT,4711,0080,1,1,0,0,0,0,0,2,2020-008008
24,11,2106,127,0,,6555,4,3,2,2020,06,19,008011,0470856,0,0,2,MDJN2106.pdf,00146470.tif,ORIGINAL,YFT,4711,0080,1,2,0,0,0,0,0,2,2020-008011
24,11,2106,126,0,,6555,4,3,2,2020,06,19,008011,0470856,0,0,2,MDJN2106.pdf,00146470.tif,ORIGINAL,BIGEYE TUNA,4691,0080,2,1,0,0,0,0,0,2,2020-008011
24,11,2106,125,0,,6555,4,3,2,2020,06,19,008011,0470856,0,0,2,MDJN2106.pdf,00146470.tif,ORIGINAL,ATLANTIC BONITO,330,0080,3,1,0,0,0,0,0,2,2020-008011
24,13,2106,129,0,,6555,4,3,4,2020,06,19,008013,0470856,0,0,2,MDJN2106.pdf,00146473.tif,ORIGINAL,YFT,4711,0080,1,5,0,0,0,0,0,2,2020-008013
24,13,2106,128,0,,6555,4,3,4,2020,06,19,008013,0470856,0,0,2,MDJN2106.pdf,00146473.tif,ORIGINAL,SKIPJACK TUNA,4661,0080,2,1,0,0,0,0,0,2,2020-008013
24,14,2106,130,0,,6555,4,3,6,2020,06,19,008014,0470856,0,0,2,MDJN2106.pdf,00146475.tif,ORIGINAL,ALBACORE TUNA,4701,0080,1,1,0,0,0,0,0,2,2020-008014
24,16,2106,132,0,,6555,4,3,4,2020,06,19,008016,0470856,0,0,2,MDJN2106.pdf,00146478.tif,ORIGINAL,YFT,4711,0080,1,3,0,0,0,0,0,2,2020-008016
24,16,2106,131,0,,6555,4,3,4,2020,06,19,008016,0470856,0,0,2,MDJN2106.pdf,00146478.tif,ORIGINAL,BIGEYE TUNA,4691,0080,2,1,0,0,0,0,0,2,2020-008016
24,01,2108,141,0,,6936,5,1,6,2020,06,19,008101,0471493,0,0,1,MDJN2108.pdf,00146482.tif,ORIGINAL,YFT,4711,0081,1,6,6,0,0,0,0,3,2020-008101
24,01,2108,140,0,,6936,5,1,6,2020,06,19,008101,0471493,0,0,1,MDJN2108.pdf,00146482.tif,ORIGINAL,BIGEYE TUNA,4691,0081,2,1,1,0,0,0,0,3,2020-008101
24,02,2108,142,0,,6936,5,1,6,2020,06,19,008102,0471493,0,0,1,MDJN2108.pdf,00146484.tif,ORIGINAL,YFT,4711,0081,1,8,8,0,0,0,0,3,2020-008102
24,03,2108,145,0,,6936,5,1,6,2020,06,19,008103,0471493,0,0,2,MDJN2108.pdf,00146486.tif,ORIGINAL,YFT,4711,0081,1,14,14,2,0,0,0,3,2020-008103
24,03,2108,144,0,,6936,5,1,6,2020,06,19,008103,0471493,0,0,2,MDJN2108.pdf,00146486.tif,ORIGINAL,ALBACORE TUNA,4701,0081,2,1,1,0,0,0,0,3,2020-008103
24,03,2108,143,0,,6936,5,1,6,2020,06,19,008103,0471493,0,0,2,MDJN2108.pdf,00146486.tif,ORIGINAL,DOLPHIN,1050,0081,3,3,3,0,0,0,0,3,2020-008103
24,04,2108,146,0,,6936,5,1,5,2020,06,19,008104,0471493,0,0,1,MDJN2108.pdf,00146488.tif,ORIGINAL,YFT,4711,0081,1,6,6,0,0,0,0,2,2020-008104
24,05,2108,147,0,,6936,5,1,6,2020,06,19,008105,0471493,0,0,1,MDJN2108.pdf,00146490.tif,ORIGINAL,YFT,4711,0081,1,15,15,0,0,0,0,3,2020-008105
24,06,2108,148,0,,6936,5,1,6,2020,06,19,008106,0471493,0,0,2,MDJN2108.pdf,00146492.tif,ORIGINAL,YFT,4711,0081,1,2,2,0,0,0,0,3,2020-008106
24,07,2108,149,0,,6936,5,1,7,2020,06,19,008107,0471493,0,0,2,MDJN2108.pdf,00146494.tif,ORIGINAL,BIGEYE TUNA,4691,0081,1,6,6,0,0,0,0,2,2020-008107
24,08,2108,150,0,,6936,5,1,6,2020,06,19,008108,0471493,0,0,2,MDJN2108.pdf,00146496.tif,ORIGINAL,YFT,4711,0081,1,1,0,0,0,0,0,3,2020-008108
24,09,2108,151,0,,6936,5,1,8,2020,06,19,008109,0471493,0,0,1,MDJN2108.pdf,00146498.tif,ORIGINAL,BIGEYE TUNA,4691,0081,1,2,2,0,0,0,0,2,2020-008109
24,09,2108,152,0,,6936,5,1,8,2020,06,19,008109,0471493,0,0,1,MDJN2108.pdf,00146498.tif,ORIGINAL,YFT,4711,0081,2,3,3,0,0,0,0,2,2020-008109
24,01,2109,153,0,,7681,2,1,4,2020,06,19,008201,0470022,0,0,1,MDJN2109.pdf,00146502.tif,ORIGINAL,YFT,4711,0082,1,3,3,0,0,0,0,2,2020-008201
24,02,2109,155,0,,7681,2,1,6,2020,06,19,008202,0470022,0,0,2,MDJN2109.pdf,00146504.tif,ORIGINAL,YFT,4711,0082,1,8,0,0,0,0,0,2,2020-008202
24,02,2109,154,0,,7681,2,1,6,2020,06,19,008202,0470022,0,0,2,MDJN2109.pdf,00146504.tif,ORIGINAL,SHORTFIN MAKO SHARK,3551,0082,2,1,0,0,0,0,0,2,2020-008202
24,03,2109,157,0,,7681,2,1,6,2020,06,19,008203,0470022,0,0,1,MDJN2109.pdf,00146506.tif,ORIGINAL,BIGEYE TUNA,4691,0082,1,1,1,0,0,0,0,3,2020-008203
24,03,2109,158,0,,7681,2,1,6,2020,06,19,008203,0470022,0,0,1,MDJN2109.pdf,00146506.tif,ORIGINAL,YFT,4711,0082,2,3,3,0,0,0,0,3,2020-008203
24,03,2109,156,0,,7681,2,1,6,2020,06,19,008203,0470022,0,0,1,MDJN2109.pdf,00146506.tif,ORIGINAL,SKIPJACK TUNA,4661,0082,3,0,0,1,0,0,0,3,2020-008203
24,04,2109,160,0,,7681,2,1,6,2020,06,19,008204,0470024,0,0,2,MDJN2109.pdf,00146508.tif,ORIGINAL,YFT,4711,0082,1,3,0,0,0,0,0,3,2020-008204
24,04,2109,159,0,,7681,2,1,6,2020,06,19,008204,0470024,0,0,2,MDJN2109.pdf,00146508.tif,ORIGINAL,DOLPHIN,1050,0082,2,1,0,0,0,0,0,3,2020-008204
34,01,1102,197,0,,7509,2,1,4,2020,06,20,008301,0011724,0,0,2,NJJN1102.pdf,00146513.tif,ORIGINAL,DUSKY SHARK,4841,0083,1,0,0,1,0,0,0,2,2020-008301
34,02,1102,198,0,,7509,2,1,4,2020,06,20,008302,0011063,1,0,2,NJJN1102.pdf,00146515.tif,ORIGINAL,LITTLE TUNNY,4681,0083,1,1,1,0,0,0,0,2,2020-008302
34,03,1102,200,0,,7509,2,1,3,2020,06,20,008303,0011063,0,0,2,NJJN1102.pdf,00146517.tif,ORIGINAL,LITTLE TUNNY,4681,0083,1,1,0,0,0,0,0,2,2020-008303
34,03,1102,201,0,,7509,2,1,3,2020,06,20,008303,0011063,0,0,2,NJJN1102.pdf,00146517.tif,ORIGINAL,DUSKY SHARK,4841,0083,2,0,0,1,0,0,0,2,2020-008303
34,03,1102,199,0,,7509,2,1,3,2020,06,20,008303,0011063,0,0,2,NJJN1102.pdf,00146517.tif,ORIGINAL,COMMON THRESHER SHARK,3531,0083,3,0,0,1,0,0,0,2,2020-008303
34,04,1102,202,0,,7509,2,1,5,2020,06,20,008304,0011063,1,0,2,NJJN1102.pdf,00146519.tif,ORIGINAL,BLUE SHARK,4931,0083,1,0,0,2,0,0,0,2,2020-008304
34,01,1103,203,0,,6013,6,1,5,2020,06,20,008401,0251808,1,0,2,NJJN1103.pdf,00146524.tif,ORIGINAL,BFT SCHOOL,4677,0084,1,2,0,0,0,0,0,2,2020-008401
34,01,1103,204,0,,6013,6,1,5,2020,06,20,008401,0251808,1,0,2,NJJN1103.pdf,00146524.tif,ORIGINAL,LITTLE TUNNY,4681,0084,2,0,0,1,0,0,0,2,2020-008401
34,02,1103,205,0,,6013,6,1,3,2020,06,20,008402,0251005,0,0,2,NJJN1103.pdf,00146526.tif,ORIGINAL,LITTLE TUNNY,4681,0084,1,0,0,1,0,0,0,2,2020-008402
34,03,1103,206,0,,6013,6,1,3,2020,06,20,008403,0259125,0,0,2,NJJN1103.pdf,00146528.tif,ORIGINAL,SKIPJACK TUNA,4661,0084,1,0,0,6,0,0,0,2,2020-008403
34,04,1103,207,0,,6013,6,1,7,2020,06,20,008404,0259005,0,0,2,NJJN1103.pdf,00146530.tif,ORIGINAL,BFT SCHOOL,4677,0084,1,1,0,0,0,0,0,2,2020-008404
34,01,1104,209,0,,7785,3,1,5,2020,06,20,008501,0090900,1,0,2,NJJN1104.pdf,00146535.tif,ORIGINAL,YFT,4711,0085,1,11,0,2,0,0,0,2,2020-008501
34,01,1104,208,0,,7785,3,1,5,2020,06,20,008501,0090900,1,0,2,NJJN1104.pdf,00146535.tif,ORIGINAL,WHITE MARLIN,2161,0085,2,0,0,1,0,0,0,2,2020-008501
34,02,1104,210,0,,7785,3,1,5,2020,06,20,008502,0090900,0,0,2,NJJN1104.pdf,00146537.tif,ORIGINAL,YFT,4711,0085,1,3,0,0,0,0,0,3,2020-008502
34,03,1104,211,0,,7785,3,1,6,2020,06,20,008503,0090900,1,0,2,NJJN1104.pdf,00146539.tif,ORIGINAL,YFT,4711,0085,1,3,0,0,0,0,0,2,2020-008503
34,04,1104,212,0,,7785,3,1,4,2020,06,20,008504,0090385,0,0,2,NJJN1104.pdf,00146541.tif,ORIGINAL,YFT,4711,0085,1,1,1,0,0,0,0,3,2020-008504
34,05,1104,214,0,,7785,3,1,6,2020,06,20,008505,0090900,0,0,1,NJJN1104.pdf,00146543.tif,ORIGINAL,YFT,4711,0085,1,13,2,5,0,0,0,3,2020-008505
34,05,1104,213,0,,7785,3,1,6,2020,06,20,008505,0090900,0,0,1,NJJN1104.pdf,00146543.tif,ORIGINAL,BIGEYE TUNA,4691,0085,2,1,1,0,0,0,0,3,2020-008505
34,06,1104,215,1,SPECIES;,7785,3,1,4,2020,06,20,008506,0090900,0,1,2,NJJN1104.pdf,00146545.tif,ORIGINAL,BFT,4670,0085,1,1,0,0,0,0,0,2,2020-008506
34,07,1104,216,0,,7785,3,1,4,2020,06,20,008507,0090900,0,0,2,NJJN1104.pdf,00146547.tif,ORIGINAL,BIGEYE TUNA,4691,0085,1,1,1,0,0,0,1,2,2020-008507
34,01,1107,226,0,,7785,11,1,3,2020,06,21,008601,0091672,0,0,1,NJJN1107.pdf,00146553.tif,ORIGINAL,YFT,4711,0086,1,3,3,0,0,0,0,2,2020-008601
34,01,1202,227,0,,6416,10,1,6,2020,06,20,008701,0290279,0,0,2,NJJN1202.pdf,00146558.tif,ORIGINAL,YFT,4711,0087,1,6,0,0,0,0,0,3,2020-008701
34,02,1202,228,0,,6416,10,1,6,2020,06,20,008702,0290894,0,0,2,NJJN1202.pdf,00146560.tif,ORIGINAL,BFT YOUNG SCHOOL,4673,0087,1,0,0,2,0,0,0,3,2020-008702
34,02,1202,229,0,,6416,10,1,6,2020,06,20,008702,0290894,0,0,2,NJJN1202.pdf,00146560.tif,ORIGINAL,YFT,4711,0087,2,11,0,0,0,0,0,3,2020-008702
34,03,1202,232,0,,6416,10,1,4,2020,06,20,008703,0290894,0,0,2,NJJN1202.pdf,00146562.tif,ORIGINAL,BIGEYE TUNA,4691,0087,1,2,0,0,0,0,0,3,2020-008703
34,03,1202,231,0,,6416,10,1,4,2020,06,20,008703,0290894,0,0,2,NJJN1202.pdf,00146562.tif,ORIGINAL,BFT SCHOOL,4677,0087,2,1,0,0,0,0,0,3,2020-008703
34,03,1202,230,0,,6416,10,1,4,2020,06,20,008703,0290894,0,0,2,NJJN1202.pdf,00146562.tif,ORIGINAL,GOLDEN TILEFISH,4467,0087,3,25,0,0,0,0,0,3,2020-008703
34,04,1202,233,0,,6416,10,1,5,2020,06,20,008704,0290894,0,0,1,NJJN1202.pdf,00146564.tif,ORIGINAL,BIGEYE TUNA,4691,0087,1,1,1,0,0,0,0,3,2020-008704
34,04,1202,234,0,,6416,10,1,5,2020,06,20,008704,0290894,0,0,1,NJJN1202.pdf,00146564.tif,ORIGINAL,YFT,4711,0087,2,3,3,0,0,0,0,3,2020-008704
36,01,1107,265,0,,7727,3,1,4,2020,06,20,009101,1030169,0,0,1,NYJN1107.pdf,00146576.tif,ORIGINAL,BIGEYE TUNA,4691,0091,1,1,1,0,0,0,0,3,2020-009101
36,01,1107,264,1,ALIVE;SPECIES;,7727,3,1,4,2020,06,20,009101,1030169,0,0,1,NYJN1107.pdf,00146576.tif,ORIGINAL,BFT,4670,0091,2,0,0,5,0,0,0,3,2020-009101
36,02,1107,266,0,,7727,3,1,2,2020,06,20,009102,1030169,0,0,2,NYJN1107.pdf,00146578.tif,ORIGINAL,BFT SCHOOL,4677,0091,1,1,1,0,0,0,0,2,2020-009102
36,02,1107,267,0,,7727,3,1,2,2020,06,20,009102,1030169,0,0,2,NYJN1107.pdf,00146578.tif,ORIGINAL,BFT LARGE SCHOOL,4678,0091,2,1,1,0,0,0,0,2,2020-009102
36,03,1107,268,0,,7727,3,1,3,2020,06,20,009103,1030175,0,0,2,NYJN1107.pdf,00146580.tif,ORIGINAL,BLUE SHARK,4931,0091,1,0,0,1,0,0,0,3,2020-009103
36,04,1107,269,0,,7727,3,1,7,2020,06,20,009104,1030175,0,0,2,NYJN1107.pdf,00146582.tif,ORIGINAL,BFT SCHOOL,4677,0091,1,1,1,0,0,0,0,2,2020-009104
36,05,1107,270,0,,7727,3,1,4,2020,06,20,009105,1030175,0,0,2,NYJN1107.pdf,00146584.tif,ORIGINAL,SHORTFIN MAKO SHARK,3551,0091,1,0,0,1,0,0,0,2,2020-009105
36,02,2101,301,0,,7684,5,1,4,2020,06,19,009202,1030133,0,0,1,NYJN2101.pdf,00146590.tif,ORIGINAL,BFT SCHOOL,4677,0092,1,3,3,0,0,0,0,3,2020-009202
36,03,2101,303,0,,7684,5,1,6,2020,06,19,009203,1030133,0,0,1,NYJN2101.pdf,00146592.tif,ORIGINAL,LITTLE TUNNY,4681,0092,1,1,1,0,0,0,0,2,2020-009203
36,03,2101,302,0,,7684,5,1,6,2020,06,19,009203,1030133,0,0,1,NYJN2101.pdf,00146592.tif,ORIGINAL,BFT SCHOOL,4677,0092,2,2,2,3,0,0,0,2,2020-009203
36,04,2101,304,0,,7684,5,1,6,2020,06,19,009204,1030123,0,0,2,NYJN2101.pdf,00146594.tif,ORIGINAL,BFT SMALL MEDIUM,4676,0092,1,1,1,0,0,0,0,2,2020-009204
51,01,1102,371,0,,7661,9,3,3,2020,06,21,009301,8100438,0,0,1,VAJN1102.pdf,00146598.tif,ORIGINAL,SHORTFIN MAKO SHARK,3551,0093,1,0,0,3,0,0,0,2,2020-009301
51,01,1102,372,0,,7661,9,3,3,2020,06,21,009301,8100438,0,0,1,VAJN1102.pdf,00146598.tif,ORIGINAL,YFT,4711,0093,2,4,4,0,0,0,0,2,2020-009301
51,03,1102,375,0,,7661,9,3,6,2020,06,21,009303,8100438,0,0,2,VAJN1102.pdf,00146601.tif,ORIGINAL,BLUELINE TILEFISH,4440,0093,1,18,0,0,0,0,0,2,2020-009303
51,03,1102,374,0,,7661,9,3,6,2020,06,21,009303,8100438,0,0,2,VAJN1102.pdf,00146601.tif,ORIGINAL,BLACK SEA BASS,3350,0093,2,8,0,0,0,0,0,2,2020-009303
51,03,1102,376,0,,7661,9,3,6,2020,06,21,009303,8100438,0,0,2,VAJN1102.pdf,00146601.tif,ORIGINAL,GOLDEN TILEFISH,4467,0093,3,1,0,0,0,0,0,2,2020-009303
51,03,1102,373,0,,7661,9,3,6,2020,06,21,009303,8100438,0,0,2,VAJN1102.pdf,00146601.tif,ORIGINAL,BLACKBELLY ROSEFISH,2420,0093,4,4,0,0,0,0,0,2,2020-009303
51,01,1107,388,0,,7652,7,3,5,2020,06,20,009501,0010025,0,0,2,VAJN1107.pdf,00146607.tif,ORIGINAL,YFT,4711,0095,1,2,0,0,0,0,0,2,2020-009501
51,01,1107,387,0,,7652,7,3,5,2020,06,20,009501,0010025,0,0,2,VAJN1107.pdf,00146607.tif,ORIGINAL,SHORTFIN MAKO SHARK,3551,0095,2,0,0,1,0,0,0,2,2020-009501
51,02,1107,391,0,,7652,7,3,5,2020,06,20,009502,0010025,0,0,2,VAJN1107.pdf,00146609.tif,ORIGINAL,YFT,4711,0095,1,3,0,1,0,0,0,2,2020-009502
51,02,1107,389,0,,7652,7,3,5,2020,06,20,009502,0010025,0,0,2,VAJN1107.pdf,00146609.tif,ORIGINAL,DOLPHIN,1050,0095,2,0,0,1,0,0,0,2,2020-009502
51,02,1107,390,0,,7652,7,3,5,2020,06,20,009502,0010025,0,0,2,VAJN1107.pdf,00146609.tif,ORIGINAL,WHITE MARLIN,2161,0095,3,0,0,1,0,0,0,2,2020-009502
51,01,1201,394,0,,7688,2,1,6,2020,06,20,009601,8100265,1,1,1,VAJN1201.pdf,00146613.tif,ORIGINAL,YFT,4711,0096,1,6,6,0,0,0,0,2,2020-009601
51,01,1201,393,0,,7688,2,1,6,2020,06,20,009601,8100265,1,1,1,VAJN1201.pdf,00146613.tif,ORIGINAL,SHORTFIN MAKO SHARK,3551,0096,2,0,0,1,0,0,0,2,2020-009601
51,01,2106,425,0,,7688,1,1,4,2020,06,19,009701,8100091,0,1,1,VAJN2106.pdf,00146617.tif,ORIGINAL,YFT,4711,0097,1,12,12,0,0,0,0,2,2020-009701
51,02,2106,429,0,,7688,1,1,5,2020,06,19,009702,8100091,0,0,1,VAJN2106.pdf,00146619.tif,ORIGINAL,YFT,4711,0097,1,9,9,0,0,0,0,2,2020-009702
51,02,2106,426,0,,7688,1,1,5,2020,06,19,009702,8100091,0,0,1,VAJN2106.pdf,00146619.tif,ORIGINAL,DOLPHIN,1050,0097,2,10,10,0,0,0,0,2,2020-009702
51,02,2106,427,0,,7688,1,1,5,2020,06,19,009702,8100091,0,0,1,VAJN2106.pdf,00146619.tif,ORIGINAL,SHORTFIN MAKO SHARK,3551,0097,3,0,0,1,0,0,0,2,2020-009702
51,02,2106,428,0,,7688,1,1,5,2020,06,19,009702,8100091,0,0,1,VAJN2106.pdf,00146619.tif,ORIGINAL,BIGEYE TUNA,4691,0097,4,1,1,0,0,0,0,2,2020-009702
51,03,2106,431,0,,7688,1,1,6,2020,06,19,009703,8100002,0,0,1,VAJN2106.pdf,00146621.tif,ORIGINAL,YFT,4711,0097,1,5,5,0,0,0,0,3,2020-009703
51,03,2106,430,0,,7688,1,1,6,2020,06,19,009703,8100002,0,0,1,VAJN2106.pdf,00146621.tif,ORIGINAL,DOLPHIN,1050,0097,2,2,2,0,0,0,0,3,2020-009703
51,04,2106,433,0,,7688,1,1,6,2020,06,19,009704,8100002,0,0,2,VAJN2106.pdf,00146623.tif,ORIGINAL,YFT,4711,0097,1,2,2,0,0,0,0,3,2020-009704
51,04,2106,432,0,,7688,1,1,6,2020,06,19,009704,8100002,0,0,2,VAJN2106.pdf,00146623.tif,ORIGINAL,SHORTFIN MAKO SHARK,3551,0097,2,0,0,1,0,0,0,3,2020-009704
51,05,2106,435,0,,7688,1,1,6,2020,06,19,009705,8100091,0,0,1,VAJN2106.pdf,00146625.tif,ORIGINAL,YFT,4711,0097,1,6,6,0,0,0,0,2,2020-009705
51,05,2106,434,0,,7688,1,1,6,2020,06,19,009705,8100091,0,0,1,VAJN2106.pdf,00146625.tif,ORIGINAL,BLUE MARLIN,2171,0097,2,0,0,2,0,0,0,2,2020-009705
51,06,2106,437,0,,7688,1,1,6,2020,06,19,009706,8100002,0,1,1,VAJN2106.pdf,00146627.tif,ORIGINAL,YFT,4711,0097,1,2,2,0,0,0,0,3,2020-009706
51,06,2106,436,0,,7688,1,1,6,2020,06,19,009706,8100002,0,1,1,VAJN2106.pdf,00146627.tif,ORIGINAL,DOLPHIN,1050,0097,2,2,2,0,0,0,0,3,2020-009706
51,07,2106,438,0,,7688,1,1,5,2020,06,19,009707,8100002,0,0,1,VAJN2106.pdf,00146629.tif,ORIGINAL,YFT,4711,0097,1,5,5,0,0,0,0,2,2020-009707
51,02,2107,440,0,,7652,8,1,4,2020,06,19,009802,0010039,0,0,2,VAJN2107.pdf,00146634.tif,ORIGINAL,YFT,4711,0098,1,1,0,0,0,0,1,2,2020-009802
51,02,2107,439,0,,7652,8,1,4,2020,06,19,009802,0010039,0,0,2,VAJN2107.pdf,00146634.tif,ORIGINAL,SHORTFIN MAKO SHARK,3551,0098,2,0,0,1,0,0,0,2,2020-009802
51,03,2107,442,0,,7652,8,1,3,2020,06,19,009803,0010039,0,0,2,VAJN2107.pdf,00146636.tif,ORIGINAL,YFT,4711,0098,1,3,0,0,0,0,1,1,2020-009803
51,03,2107,441,0,,7652,8,1,3,2020,06,19,009803,0010039,0,0,2,VAJN2107.pdf,00146636.tif,ORIGINAL,ATLANTIC BONITO,330,0098,2,0,0,4,0,0,0,1,2020-009803
51,04,2107,443,0,,7652,8,1,4,2020,06,19,009804,0010039,0,0,2,VAJN2107.pdf,00146638.tif,ORIGINAL,YFT,4711,0098,1,1,0,0,0,0,1,2,2020-009804
51,02,2205,459,0,,6633,3,1,6,2020,06,19,009902,8100088,0,0,1,VAJN2205.pdf,00146643.tif,ORIGINAL,YFT,4711,0099,1,9,9,0,0,0,0,3,2020-009902
51,03,2205,460,0,,6633,3,1,4,2020,06,19,009903,8100088,0,0,1,VAJN2205.pdf,00146645.tif,ORIGINAL,YFT,4711,0099,1,2,2,0,0,0,0,3,2020-009903
51,04,2205,462,0,,6633,3,1,6,2020,06,19,009904,8100088,0,0,2,VAJN2205.pdf,00146647.tif,ORIGINAL,YFT,4711,0099,1,5,0,0,0,0,0,3,2020-009904
51,04,2205,461,0,,6633,3,1,6,2020,06,19,009904,8100088,0,0,2,VAJN2205.pdf,00146647.tif,ORIGINAL,DOLPHIN,1050,0099,2,4,0,0,0,0,0,3,2020-009904
51,05,2205,463,0,,6633,3,1,3,2020,06,19,009905,8100088,0,0,1,VAJN2205.pdf,00146649.tif,ORIGINAL,YFT,4711,0099,1,4,4,0,0,0,0,3,2020-009905
24,01,2203,167,0,,6936,3,1,6,2020,06,23,010201,0470853,0,0,2,MDJN2203.pdf,00146657.tif,ORIGINAL,BIGEYE TUNA,4691,0102,1,4,4,0,0,0,0,3,2020-010201
24,02,2203,168,0,,6936,3,1,6,2020,06,23,010202,0470853,0,0,2,MDJN2203.pdf,00146659.tif,ORIGINAL,YFT,4711,0102,1,3,3,0,0,0,0,3,2020-010202
24,03,2203,170,0,,6936,3,1,4,2020,06,23,010203,0470853,0,0,2,MDJN2203.pdf,00146661.tif,ORIGINAL,SPINNER SHARK,4881,0102,1,0,0,5,0,0,0,3,2020-010203
24,03,2203,169,0,,6936,3,1,4,2020,06,23,010203,0470853,0,0,2,MDJN2203.pdf,00146661.tif,ORIGINAL,SANDBAR SHARK,4821,0102,2,0,0,1,0,0,0,3,2020-010203
34,01,2213,254,0,,7509,11,1,4,2020,06,23,010301,0091131,0,0,1,NJJN2213.pdf,00146666.tif,ORIGINAL,YFT,4711,0103,1,1,1,0,0,0,0,2,2020-010301
34,02,2213,256,0,,7509,11,1,4,2020,06,23,010302,0091131,0,1,1,NJJN2213.pdf,00146668.tif,ORIGINAL,YFT,4711,0103,1,1,1,0,0,0,0,2,2020-010302
34,02,2213,255,0,,7509,11,1,4,2020,06,23,010302,0091131,0,1,1,NJJN2213.pdf,00146668.tif,ORIGINAL,DOLPHIN,1050,0103,2,6,6,0,0,0,0,2,2020-010302
36,01,2207,359,0,,7684,5,1,4,2020,06,23,010401,1030133,0,0,2,NYJN2207.pdf,00146673.tif,ORIGINAL,BFT SCHOOL,4677,0104,1,1,1,0,0,0,0,3,2020-010401
36,01,2207,358,0,,7684,5,1,4,2020,06,23,010401,1030133,0,0,2,NYJN2207.pdf,00146673.tif,ORIGINAL,SKIPJACK TUNA,4661,0104,2,1,1,0,0,0,0,3,2020-010401
34,01,2208,253,0,,6416,10,1,6,2020,06,24,010701,0290279,0,0,2,NJJN2208.pdf,00146683.tif,ORIGINAL,LITTLE TUNNY,4681,0107,1,2,0,3,0,0,0,3,2020-010701
51,02,2204,458,0,,7688,1,1,6,2020,06,24,011002,8100002,0,0,1,VAJN2204.pdf,00146694.tif,ORIGINAL,YFT,4711,0110,1,2,2,0,0,0,0,3,2020-011002
51,01,2206,464,0,,7688,1,1,6,2020,06,22,011101,8100002,0,0,2,VAJN2206.pdf,00146698.tif,ORIGINAL,YFT,4711,0111,1,2,0,0,0,0,0,3,2020-011101
51,02,2206,465,0,,7688,1,1,13,2020,06,22,011102,8100002,1,0,1,VAJN2206.pdf,00146700.tif,ORIGINAL,YFT,4711,0111,1,7,7,0,0,0,0,3,2020-011102
51,03,2206,466,0,,7688,1,1,4,2020,06,22,011103,8100091,0,0,2,VAJN2206.pdf,00146702.tif,ORIGINAL,YFT,4711,0111,1,2,0,0,0,0,0,3,2020-011103
51,04,2206,468,0,,7688,1,1,4,2020,06,22,011104,8100091,0,0,1,VAJN2206.pdf,00146704.tif,ORIGINAL,YFT,4711,0111,1,2,2,0,0,0,0,2,2020-011104
51,04,2206,467,0,,7688,1,1,4,2020,06,22,011104,8100091,0,0,1,VAJN2206.pdf,00146704.tif,ORIGINAL,DOLPHIN,1050,0111,2,1,1,0,0,0,0,2,2020-011104
25,01,2108,184,0,,7764,8,1,6,2020,06,25,011201,0230784,0,0,2,MAJN2108.pdf,00146708.tif,ORIGINAL,STRIPED BASS,4180,0112,1,2,0,0,0,0,0,3,2020-011201
34,01,2203,247,0,,6416,6,1,3,2020,06,25,011501,0251050,0,0,2,NJJN2203.pdf,00146740.tif,ORIGINAL,LITTLE TUNNY,4681,0115,1,0,0,1,0,0,0,2,2020-011501
34,02,2203,249,0,,6416,6,1,3,2020,06,25,011502,0259125,0,0,1,NJJN2203.pdf,00146742.tif,ORIGINAL,BFT SCHOOL,4677,0115,1,2,2,0,0,0,0,3,2020-011502
34,02,2203,248,0,,6416,6,1,3,2020,06,25,011502,0259125,0,0,1,NJJN2203.pdf,00146742.tif,ORIGINAL,BFT YOUNG SCHOOL,4673,0115,2,0,0,2,0,0,0,3,2020-011502
34,03,2203,250,0,,6416,6,1,5,2020,06,25,011503,0259239,0,0,1,NJJN2203.pdf,00146744.tif,ORIGINAL,BFT SCHOOL,4677,0115,1,2,2,1,0,0,0,2,2020-011503
34,04,2203,251,0,,6416,6,1,3,2020,06,25,011504,0259239,1,0,2,NJJN2203.pdf,00146746.tif,ORIGINAL,BFT SCHOOL,4677,0115,1,2,0,2,0,0,0,2,2020-011504
36,01,2205,357,0,,7519,5,1,2,2020,06,18,011601,1030133,0,0,2,NYJN2205.pdf,00146718.tif,ORIGINAL,BFT SCHOOL,4677,0116,1,2,0,5,0,0,0,2,2020-011601
10,01,2102,46,0,,6783,2,1,4,2020,06,26,011701,0051599,1,0,1,DEJN2102.pdf,00146722.tif,ORIGINAL,YFT,4711,0117,1,1,1,0,0,0,0,2,2020-011701
10,01,2102,45,0,,6783,2,1,4,2020,06,26,011701,0051599,1,0,1,DEJN2102.pdf,00146722.tif,ORIGINAL,SKIPJACK TUNA,4661,0117,2,1,1,0,0,0,0,2,2020-011701
10,02,2102,47,0,,6783,2,1,6,2020,06,26,011702,0051599,0,0,1,DEJN2102.pdf,00146724.tif,ORIGINAL,YFT,4711,0117,1,5,5,0,0,0,0,3,2020-011702
10,03,2102,48,0,,6783,2,1,6,2020,06,26,011703,0051599,0,0,2,DEJN2102.pdf,00146726.tif,ORIGINAL,YFT,4711,0117,1,4,0,0,0,0,0,3,2020-011703
10,04,2102,49,0,,6783,2,1,4,2020,06,26,011704,0051599,0,0,1,DEJN2102.pdf,00146728.tif,ORIGINAL,ALBACORE TUNA,4701,0117,1,1,1,0,0,0,0,3,2020-011704
10,04,2102,50,0,,6783,2,1,4,2020,06,26,011704,0051599,0,0,1,DEJN2102.pdf,00146728.tif,ORIGINAL,YFT,4711,0117,2,2,2,0,0,0,0,3,2020-011704
10,05,2102,51,0,,6783,2,1,8,2020,06,26,011705,0051599,1,0,1,DEJN2102.pdf,00146730.tif,ORIGINAL,YFT,4711,0117,1,2,2,2,0,0,0,3,2020-011705
10,06,2102,52,0,,6783,2,3,4,2020,06,26,011706,0051599,0,0,2,DEJN2102.pdf,00146732.tif,ORIGINAL,YFT,4711,0117,1,1,1,0,0,0,0,2,2020-011706
10,07,2102,53,0,,6783,2,1,4,2020,06,26,011707,0050017,0,0,2,DEJN2102.pdf,00146734.tif,ORIGINAL,GOLDEN TILEFISH,4467,0117,1,25,0,0,0,0,0,2,2020-011707
25,01,1105,171,0,,7800,15,1,2,2020,06,27,011901,0090024,0,0,2,MAJN1105.pdf,00146754.tif,ORIGINAL,ATLANTIC MACKEREL,2120,0119,1,24,12,0,0,0,0,2,2020-011901
25,02,1105,172,0,,7800,15,1,1,2020,06,27,011902,0090024,0,0,2,MAJN1105.pdf,00146756.tif,ORIGINAL,HERRING,1670,0119,1,0,0,6,0,0,0,3,2020-011902
25,02,1105,174,0,,7800,15,1,1,2020,06,27,011902,0090024,0,0,2,MAJN1105.pdf,00146756.tif,ORIGINAL,SILVER HAKE,5090,0119,2,1,0,1,0,0,0,3,2020-011902
25,02,1105,173,0,,7800,15,1,1,2020,06,27,011902,0090024,0,0,2,MAJN1105.pdf,00146756.tif,ORIGINAL,BFT LARGE MEDIUM,4679,0119,3,1,0,0,0,0,0,3,2020-011902
25,01,1116,175,0,,7786,20,1,7,2020,06,27,012101,0091825,0,0,2,MAJN1116.pdf,00146763.tif,ORIGINAL,HERRING,1670,0121,1,0,0,3,0,0,0,3,2020-012101
25,01,1116,176,0,,7786,20,1,7,2020,06,27,012101,0091825,0,0,2,MAJN1116.pdf,00146763.tif,ORIGINAL,ATLANTIC MACKEREL,2120,0121,2,0,0,3,0,0,0,3,2020-012101
25,01,1116,177,0,,7786,20,1,7,2020,06,27,012101,0091825,0,0,2,MAJN1116.pdf,00146763.tif,ORIGINAL,SILVER HAKE,5090,0121,3,0,0,1,0,0,0,3,2020-012101
25,01,1205,178,0,,7380,21,1,3,2020,06,27,012201,0014247,1,0,2,MAJN1205.pdf,00146767.tif,ORIGINAL,BFT SMALL MEDIUM,4676,0122,1,1,0,0,0,0,0,3,2020-012201
25,01,1206,179,0,,7764,8,1,6,2020,06,28,012301,0230218,0,0,2,MAJN1206.pdf,00146771.tif,ORIGINAL,HADDOCK,1479,0123,1,2,0,0,0,0,0,3,2020-012301
25,01,1206,180,0,,7764,8,1,6,2020,06,28,012301,0230218,0,0,2,MAJN1206.pdf,00146771.tif,ORIGINAL,ATLANTIC MACKEREL,2120,0123,2,30,0,0,0,0,0,3,2020-012301
25,01,1206,181,0,,7764,8,1,6,2020,06,28,012301,0230218,0,0,2,MAJN1206.pdf,00146771.tif,ORIGINAL,STRIPED BASS,4180,0123,3,0,0,30,0,0,0,3,2020-012301
25,02,1206,182,0,,7764,8,1,2,2020,06,28,012302,0230784,0,0,2,MAJN1206.pdf,00146773.tif,ORIGINAL,ATLANTIC MACKEREL,2120,0123,1,10,0,0,0,0,0,3,2020-012302
25,04,1206,183,0,,7764,8,1,3,2020,06,28,012304,0230218,0,0,2,MAJN1206.pdf,00146776.tif,ORIGINAL,ATLANTIC MACKEREL,2120,0123,1,10,10,0,0,0,0,1,2020-012304
25,01,2111,189,0,,7633,15,1,6,2020,06,26,012401,0090024,0,0,2,MAJN2111.pdf,00146780.tif,ORIGINAL,BFT LARGE SCHOOL,4678,0124,1,1,0,0,0,0,0,3,2020-012401
25,01,2111,190,0,,7633,15,1,6,2020,06,26,012401,0090024,0,0,2,MAJN2111.pdf,00146780.tif,ORIGINAL,SILVER HAKE,5090,0124,2,1,0,0,0,0,0,3,2020-012401
25,01,2111,186,0,,7633,15,1,6,2020,06,26,012401,0090024,0,0,2,MAJN2111.pdf,00146780.tif,ORIGINAL,HADDOCK,1479,0124,3,80,0,82,0,0,0,3,2020-012401
25,01,2111,188,0,,7633,15,1,6,2020,06,26,012401,0090024,0,0,2,MAJN2111.pdf,00146780.tif,ORIGINAL,POLLOCK,2695,0124,4,30,0,31,0,0,0,3,2020-012401
25,01,2111,185,0,,7633,15,1,6,2020,06,26,012401,0090024,0,0,2,MAJN2111.pdf,00146780.tif,ORIGINAL,CUSK,960,0124,5,5,0,6,0,0,0,3,2020-012401
25,01,2111,187,1,ALIVE;,7633,15,1,6,2020,06,26,012401,0090024,0,0,2,MAJN2111.pdf,00146780.tif,ORIGINAL,REDFISH,2400,0124,6,50,0,52,0,0,0,3,2020-012401
25,01,2211,196,0,,7764,9,1,6,2020,06,26,012701,0239038,0,1,1,MAJN2211.pdf,00146786.tif,REVISED,BFT LARGE MEDIUM,4679,0127,1,1,1,0,0,0,0,3,2020-012701
25,01,2211,194,0,,7764,9,1,6,2020,06,26,012701,0239038,0,1,1,MAJN2211.pdf,00146786.tif,REVISED,ATLANTIC MACKEREL,2120,0127,2,15,15,0,0,0,0,3,2020-012701
25,01,2211,195,0,,7764,9,1,6,2020,06,26,012701,0239038,0,1,1,MAJN2211.pdf,00146786.tif,REVISED,MENHADEN,2210,0127,3,15,15,0,0,0,0,3,2020-012701
24,01,1101,68,0,,6555,4,3,3,2020,06,28,012801,0470856,0,0,2,MDJN1101.pdf,00146790.tif,ORIGINAL,LITTLE TUNNY,4681,0128,1,1,0,0,0,0,0,2,2020-012801
24,01,1101,67,0,,6555,4,3,3,2020,06,28,012801,0470856,0,0,2,MDJN1101.pdf,00146790.tif,ORIGINAL,BLACK SEA BASS,3350,0128,2,20,0,0,0,0,0,2,2020-012801
24,01,1202,90,0,,7844,3,1,6,2020,06,28,012901,0470853,0,0,2,MDJN1202.pdf,00146794.tif,ORIGINAL,SHORTFIN MAKO SHARK,3551,0129,1,0,0,2,0,0,0,3,2020-012901
24,01,1202,91,0,,7844,3,1,6,2020,06,28,012901,0470853,0,0,2,MDJN1202.pdf,00146794.tif,ORIGINAL,DUSKY SHARK,4841,0129,2,0,0,2,0,0,0,3,2020-012901
24,01,1202,89,0,,7844,3,1,6,2020,06,28,012901,0470853,0,0,2,MDJN1202.pdf,00146794.tif,ORIGINAL,BLUEFISH,230,0129,3,25,25,0,0,0,0,3,2020-012901
24,02,1202,92,0,,7844,3,1,6,2020,06,28,012902,0470853,0,0,2,MDJN1202.pdf,00146796.tif,ORIGINAL,YFT,4711,0129,1,1,1,0,0,0,0,3,2020-012902
24,03,1202,93,0,,7844,3,1,5,2020,06,28,012903,0470853,0,0,2,MDJN1202.pdf,00146798.tif,ORIGINAL,YFT,4711,0129,1,2,2,0,0,0,0,3,2020-012903
24,04,1202,94,0,,7844,3,1,6,2020,06,28,012904,0470853,0,0,2,MDJN1202.pdf,00146800.tif,ORIGINAL,YFT,4711,0129,1,3,3,0,0,0,0,3,2020-012904
24,05,1202,95,0,,7844,3,1,6,2020,06,28,012905,0470853,0,0,2,MDJN1202.pdf,00146802.tif,ORIGINAL,YFT,4711,0129,1,6,6,0,0,0,0,3,2020-012905
24,06,1202,96,0,,7844,3,1,3,2020,06,28,012906,0470853,0,0,2,MDJN1202.pdf,00146804.tif,ORIGINAL,YFT,4711,0129,1,1,1,0,0,0,0,3,2020-012906
24,07,1202,97,0,,7844,3,1,6,2020,06,28,012907,0470853,1,0,2,MDJN1202.pdf,00146806.tif,ORIGINAL,YFT,4711,0129,1,1,1,0,0,0,0,3,2020-012907
34,01,1105,217,1,ALIVE;,7509,2,1,4,2020,06,28,013101,0011027,0,0,1,NJJN1105.pdf,00146814.tif,ORIGINAL,BFT YOUNG SCHOOL,4673,0131,1,0,0,21,0,0,0,3,2020-013101
34,01,1105,218,0,,7509,2,1,4,2020,06,28,013101,0011027,0,0,1,NJJN1105.pdf,00146814.tif,ORIGINAL,BFT SCHOOL,4677,0131,2,3,0,0,0,0,0,3,2020-013101
34,01,1105,219,0,,7509,2,1,4,2020,06,28,013101,0011027,0,0,1,NJJN1105.pdf,00146814.tif,ORIGINAL,YFT,4711,0131,3,2,1,0,0,0,0,3,2020-013101
34,02,1105,220,0,,7509,2,1,5,2020,06,28,013102,0011063,0,0,2,NJJN1105.pdf,00146816.tif,ORIGINAL,YFT,4711,0131,1,2,0,0,0,0,0,3,2020-013102
34,01,1106,221,0,,6416,10,1,3,2020,06,27,013201,0290894,1,0,1,NJJN1106.pdf,00146821.tif,ORIGINAL,BFT SMALL MEDIUM,4676,0132,1,1,1,0,0,0,0,2,2020-013201
34,01,1106,222,0,,6416,10,1,3,2020,06,27,013201,0290894,1,0,1,NJJN1106.pdf,00146821.tif,ORIGINAL,BFT SCHOOL,4677,0132,2,2,1,0,0,0,0,2,2020-013201
34,02,1106,224,1,CAUGHT OUT OF AREA;,6416,10,1,6,2020,06,27,013202,0290894,0,1,1,NJJN1106.pdf,00146823.tif,REVISED,BFT GIANT,4671,0132,1,1,1,0,0,1,0,3,2020-013202
34,02,1106,225,0,,6416,10,1,6,2020,06,27,013202,0290894,0,1,1,NJJN1106.pdf,00146823.tif,REVISED,YFT,4711,0132,2,4,4,0,0,0,0,3,2020-013202
34,02,1106,223,0,,6416,10,1,6,2020,06,27,013202,0290894,0,1,1,NJJN1106.pdf,00146823.tif,REVISED,SHORTFIN MAKO SHARK,3551,0132,3,0,0,3,0,0,0,3,2020-013202
34,01,2110,244,0,,7785,4,1,6,2020,06,26,013401,0090869,0,1,1,NJJN2110.pdf,00146831.tif,ORIGINAL,YFT,4711,0134,1,6,6,0,0,0,0,3,2020-013401
34,01,2110,243,0,,7785,4,1,6,2020,06,26,013401,0090869,0,1,1,NJJN2110.pdf,00146831.tif,ORIGINAL,BIGEYE TUNA,4691,0134,2,4,4,0,0,0,0,3,2020-013401
34,02,2110,245,0,,7785,4,1,2,2020,06,26,013402,0099007,0,0,2,NJJN2110.pdf,00146833.tif,ORIGINAL,LITTLE TUNNY,4681,0134,1,0,0,2,0,0,0,2,2020-013402
34,03,2110,246,0,,7785,4,1,3,2020,06,26,013403,0091140,0,0,2,NJJN2110.pdf,00146835.tif,ORIGINAL,YFT,4711,0134,1,1,0,0,0,0,0,2,2020-013403
36,01,1104,261,0,,7727,3,1,8,2020,06,27,013601,1030175,0,0,2,NYJN1104.pdf,00146843.tif,ORIGINAL,ATLANTIC BONITO,330,0136,1,1,1,0,0,0,0,2,2020-013601
36,01,1104,262,0,,7727,3,1,8,2020,06,27,013601,1030175,0,0,2,NYJN1104.pdf,00146843.tif,ORIGINAL,BFT SCHOOL,4677,0136,2,2,2,0,0,0,0,2,2020-013601
36,02,1104,263,0,,7727,3,1,5,2020,06,27,013602,1030175,0,0,2,NYJN1104.pdf,00146845.tif,ORIGINAL,BLUE SHARK,4931,0136,1,0,0,4,0,0,0,3,2020-013602
36,01,2214,363,0,,7727,3,1,9,2020,06,26,013801,1030175,0,0,2,NYJN2214.pdf,00146853.tif,ORIGINAL,BIGEYE TUNA,4691,0138,1,2,2,0,0,0,0,2,2020-013801
36,01,2214,364,0,,7727,3,1,9,2020,06,26,013801,1030175,0,0,2,NYJN2214.pdf,00146853.tif,ORIGINAL,YFT,4711,0138,2,1,1,1,0,0,0,2,2020-013801
36,02,2214,366,0,,7727,3,1,3,2020,06,26,013802,1030589,0,0,2,NYJN2214.pdf,00146855.tif,ORIGINAL,LITTLE TUNNY,4681,0138,1,2,2,0,0,0,0,2,2020-013802
36,02,2214,365,0,,7727,3,1,3,2020,06,26,013802,1030589,0,0,2,NYJN2214.pdf,00146855.tif,ORIGINAL,BFT SCHOOL,4677,0138,2,1,1,0,0,0,0,2,2020-013802
36,03,2214,367,0,,7727,3,1,6,2020,06,26,013803,1030175,0,0,1,NYJN2214.pdf,00146857.tif,ORIGINAL,YFT,4711,0138,1,7,7,0,0,0,0,3,2020-013803
36,04,2214,369,0,,7727,3,1,4,2020,06,26,013804,1030175,0,0,2,NYJN2214.pdf,00146859.tif,ORIGINAL,BIGEYE TUNA,4691,0138,1,1,0,0,0,0,0,2,2020-013804
36,04,2214,370,0,,7727,3,1,4,2020,06,26,013804,1030175,0,0,2,NYJN2214.pdf,00146859.tif,ORIGINAL,YFT,4711,0138,2,3,0,0,0,0,0,2,2020-013804
36,04,2214,368,0,,7727,3,1,4,2020,06,26,013804,1030175,0,0,2,NYJN2214.pdf,00146859.tif,ORIGINAL,BFT SCHOOL,4677,0138,3,1,0,0,0,0,0,2,2020-013804
51,01,1104,384,0,,6633,9,3,5,2020,06,27,013901,8100438,0,0,2,VAJN1104.pdf,00146865.tif,ORIGINAL,YFT,4711,0139,1,4,0,0,0,0,0,2,2020-013901
51,01,1108,392,0,,7652,8,1,4,2020,06,27,014001,0010039,0,0,2,VAJN1108.pdf,00146869.tif,ORIGINAL,YFT,4711,0140,1,5,0,0,0,0,0,2,2020-014001
51,01,1204,405,0,,7696,1,1,4,2020,06,27,014101,8100091,0,0,2,VAJN1204.pdf,00146873.tif,ORIGINAL,YFT,4711,0141,1,3,3,0,0,0,0,2,2020-014101
51,02,1204,406,0,,7696,1,1,6,2020,06,27,014102,8100002,0,0,2,VAJN1204.pdf,00146875.tif,ORIGINAL,YFT,4711,0141,1,6,6,0,0,0,0,2,2020-014102
51,03,1204,407,0,,7696,1,1,5,2020,06,27,014103,8100091,0,0,2,VAJN1204.pdf,00146877.tif,ORIGINAL,YFT,4711,0141,1,5,5,0,0,0,0,3,2020-014103
51,04,1204,409,0,,7696,1,1,6,2020,06,27,014104,8100091,0,0,2,VAJN1204.pdf,00146879.tif,ORIGINAL,YFT,4711,0141,1,2,0,0,0,0,0,3,2020-014104
51,04,1204,408,0,,7696,1,1,6,2020,06,27,014104,8100091,0,0,2,VAJN1204.pdf,00146879.tif,ORIGINAL,ATLANTIC BONITO,330,0141,2,1,0,0,0,0,0,3,2020-014104
51,05,1204,411,0,,7696,1,1,97,2020,06,27,014105,8100002,0,0,2,VAJN1204.pdf,00146881.tif,ORIGINAL,YFT,4711,0141,1,1,0,0,0,0,0,2,2020-014105
51,05,1204,410,0,,7696,1,1,97,2020,06,27,014105,8100002,0,0,2,VAJN1204.pdf,00146881.tif,ORIGINAL,TILEFISH,4470,0141,2,2,0,0,0,0,0,2,2020-014105
51,06,1204,412,0,,7696,1,1,8,2020,06,27,014106,8100002,0,0,2,VAJN1204.pdf,00146883.tif,ORIGINAL,YFT,4711,0141,1,1,0,0,0,0,0,2,2020-014106
51,07,1204,414,0,,7696,1,1,6,2020,06,27,014107,8100002,0,0,2,VAJN1204.pdf,00146885.tif,ORIGINAL,YFT,4711,0141,1,2,0,0,0,0,0,2,2020-014107
51,07,1204,413,0,,7696,1,1,6,2020,06,27,014107,8100002,0,0,2,VAJN1204.pdf,00146885.tif,ORIGINAL,GOLDEN TILEFISH,4467,0141,2,2,0,0,0,0,0,2,2020-014107
51,08,1204,416,0,,7696,1,1,8,2020,06,27,014108,8100091,0,0,2,VAJN1204.pdf,00146887.tif,ORIGINAL,YFT,4711,0141,1,1,0,0,0,0,0,2,2020-014108
51,08,1204,415,0,,7696,1,1,8,2020,06,27,014108,8100091,0,0,2,VAJN1204.pdf,00146887.tif,ORIGINAL,WHITE MARLIN,2161,0141,2,0,0,1,0,0,0,2,2020-014108
51,09,1204,418,0,,7696,1,1,5,2020,06,27,014109,8100091,0,1,2,VAJN1204.pdf,00146889.tif,ORIGINAL,YFT,4711,0141,1,2,0,0,0,0,0,2,2020-014109
51,09,1204,417,0,,7696,1,1,5,2020,06,27,014109,8100091,0,1,2,VAJN1204.pdf,00146889.tif,ORIGINAL,WHITE MARLIN,2161,0141,2,0,0,1,0,0,0,2,2020-014109
51,10,1204,420,0,,7696,1,1,5,2020,06,27,014110,8100091,0,0,1,VAJN1204.pdf,00146891.tif,ORIGINAL,YFT,4711,0141,1,1,1,0,0,0,0,2,2020-014110
51,10,1204,419,0,,7696,1,1,5,2020,06,27,014110,8100091,0,0,1,VAJN1204.pdf,00146891.tif,ORIGINAL,WHITE MARLIN,2161,0141,2,0,0,1,0,0,0,2,2020-014110
51,11,1204,421,0,,7696,1,1,4,2020,06,27,014111,8100002,0,0,2,VAJN1204.pdf,00146893.tif,ORIGINAL,YFT,4711,0141,1,2,0,0,0,0,0,2,2020-014111
51,12,1204,422,0,,7696,1,1,6,2020,06,27,014112,8100002,0,0,2,VAJN1204.pdf,00146895.tif,ORIGINAL,YFT,4711,0141,1,3,0,0,0,0,0,3,2020-014112
51,01,2105,424,0,,7652,8,2,2,2020,06,26,014201,0010039,0,0,2,VAJN2105.pdf,00146899.tif,ORIGINAL,YFT,4711,0142,1,1,0,0,0,0,0,2,2020-014201
51,01,2207,469,0,,6633,3,1,6,2020,06,26,014301,8100088,0,1,1,VAJN2207.pdf,00147054.tif,ORIGINAL,WHITE MARLIN,2161,0143,1,0,0,1,0,0,0,3,2020-014301
51,01,2207,470,0,,6633,3,1,6,2020,06,26,014301,8100088,0,1,1,VAJN2207.pdf,00147054.tif,ORIGINAL,YFT,4711,0143,2,10,10,0,0,0,0,3,2020-014301
51,02,2207,471,0,,6633,3,1,6,2020,06,26,014302,8100088,1,0,1,VAJN2207.pdf,00147056.tif,ORIGINAL,YFT,4711,0143,1,9,2,0,0,0,0,2,2020-014302
51,03,2207,474,0,,6633,3,1,5,2020,06,26,014303,8100088,1,0,1,VAJN2207.pdf,00147058.tif,ORIGINAL,YFT,4711,0143,1,2,2,0,0,0,0,3,2020-014303
51,03,2207,472,0,,6633,3,1,5,2020,06,26,014303,8100088,1,0,1,VAJN2207.pdf,00147058.tif,ORIGINAL,BLACK SEA BASS,3350,0143,2,10,10,6,0,0,0,3,2020-014303
51,03,2207,473,0,,6633,3,1,5,2020,06,26,014303,8100088,1,0,1,VAJN2207.pdf,00147058.tif,ORIGINAL,BLUELINE TILEFISH,4440,0143,3,7,7,0,0,0,0,3,2020-014303
51,04,2207,475,0,,6633,3,1,4,2020,06,26,014304,8101832,1,0,2,VAJN2207.pdf,00147060.tif,ORIGINAL,DOLPHIN,1050,0143,1,0,0,1,0,0,0,4,2020-014304
51,05,2207,477,0,,6633,3,1,6,2020,06,26,014305,8101832,0,0,2,VAJN2207.pdf,00147062.tif,ORIGINAL,YFT,4711,0143,1,12,0,0,0,0,0,2,2020-014305
51,05,2207,476,0,,6633,3,1,6,2020,06,26,014305,8101832,0,0,2,VAJN2207.pdf,00147062.tif,ORIGINAL,LITTLE TUNNY,4681,0143,2,0,0,1,0,0,0,2,2020-014305
34,01,2104,237,0,,6013,10,1,5,2020,06,29,030501,0294283,0,0,2,NJJN2104.pdf,00146914.tif,ORIGINAL,YFT,4711,0305,1,8,0,0,0,0,0,3,2020-030501
34,01,2104,236,0,,6013,10,1,5,2020,06,29,030501,0294283,0,0,2,NJJN2104.pdf,00146914.tif,ORIGINAL,BFT SCHOOL,4677,0305,2,3,0,8,0,0,0,3,2020-030501
34,01,2104,235,0,,6013,10,1,5,2020,06,29,030501,0294283,0,0,2,NJJN2104.pdf,00146914.tif,ORIGINAL,BFT SMALL MEDIUM,4676,0305,3,1,0,0,0,0,0,3,2020-030501
34,01,2214,257,0,,7785,11,1,4,2020,06,30,030701,0091131,0,0,1,NJJN2214.pdf,00146922.tif,ORIGINAL,YFT,4711,0307,1,4,4,0,0,0,0,2,2020-030701
34,02,2214,258,0,,7785,11,1,5,2020,06,30,030702,0091044,0,0,2,NJJN2214.pdf,00146924.tif,ORIGINAL,YFT,4711,0307,1,7,0,0,0,0,0,2,2020-030702
34,04,2214,260,0,,7785,11,1,3,2020,06,30,030704,0091131,0,0,2,NJJN2214.pdf,00146927.tif,ORIGINAL,YFT,4711,0307,1,9,0,0,0,0,0,2,2020-030704
34,04,2214,259,0,,7785,11,1,3,2020,06,30,030704,0091131,0,0,2,NJJN2214.pdf,00146927.tif,ORIGINAL,DOLPHIN,1050,0307,2,1,0,0,0,0,0,2,2020-030704
36,01,2120,341,0,,7727,3,1,6,2020,06,30,030801,1030175,0,0,2,NYJN2120.pdf,00146932.tif,ORIGINAL,BFT SCHOOL,4677,0308,1,3,0,0,0,0,0,3,2020-030801
36,01,2120,342,0,,7727,3,1,6,2020,06,30,030801,1030175,0,0,2,NYJN2120.pdf,00146932.tif,ORIGINAL,LITTLE TUNNY,4681,0308,2,2,0,0,0,0,0,3,2020-030801
36,02,2120,343,0,,7727,3,1,4,2020,06,30,030802,1030175,0,0,1,NYJN2120.pdf,00146934.tif,ORIGINAL,BFT SCHOOL,4677,0308,1,2,2,0,0,0,0,2,2020-030802
36,02,2120,344,0,,7727,3,1,4,2020,06,30,030802,1030175,0,0,1,NYJN2120.pdf,00146934.tif,ORIGINAL,LITTLE TUNNY,4681,0308,2,1,1,0,0,0,0,2,2020-030802
36,03,2120,346,0,,7727,3,1,3,2020,06,30,030803,1030175,0,0,1,NYJN2120.pdf,00146936.tif,ORIGINAL,BIGEYE TUNA,4691,0308,1,1,1,0,0,0,0,2,2020-030803
36,03,2120,345,0,,7727,3,1,3,2020,06,30,030803,1030175,0,0,1,NYJN2120.pdf,00146936.tif,ORIGINAL,BFT SCHOOL,4677,0308,2,2,2,0,0,0,0,2,2020-030803
36,04,2120,347,0,,7727,3,1,5,2020,06,30,030804,1030175,0,0,1,NYJN2120.pdf,00146938.tif,ORIGINAL,BFT SCHOOL,4677,0308,1,2,2,6,0,0,0,2,2020-030804
36,05,2120,349,1,KEPT;,7727,3,1,4,2020,06,30,030805,1030589,0,1,2,NYJN2120.pdf,00146940.tif,ORIGINAL,BFT SCHOOL,4677,0308,1,0,0,15,0,0,0,2,2020-030805
36,05,2120,348,1,KEPT;,7727,3,1,4,2020,06,30,030805,1030589,0,1,2,NYJN2120.pdf,00146940.tif,ORIGINAL,BFT SMALL MEDIUM,4676,0308,2,1,0,0,0,0,0,2,2020-030805
36,05,2120,350,1,KEPT;,7727,3,1,4,2020,06,30,030805,1030589,0,1,2,NYJN2120.pdf,00146940.tif,ORIGINAL,BFT LARGE SCHOOL,4678,0308,3,2,0,0,0,0,0,2,2020-030805
36,06,2120,353,0,,7727,3,1,4,2020,06,30,030806,1030175,0,0,2,NYJN2120.pdf,00146942.tif,ORIGINAL,BIGEYE TUNA,4691,0308,1,2,2,0,0,0,0,3,2020-030806
36,06,2120,352,0,,7727,3,1,4,2020,06,30,030806,1030175,0,0,2,NYJN2120.pdf,00146942.tif,ORIGINAL,BFT SMALL MEDIUM,4676,0308,2,1,1,0,0,0,0,3,2020-030806
36,06,2120,351,0,,7727,3,1,4,2020,06,30,030806,1030175,0,0,2,NYJN2120.pdf,00146942.tif,ORIGINAL,TILEFISH,4470,0308,3,4,0,0,0,0,0,3,2020-030806
36,01,2208,360,0,,7684,5,1,4,2020,06,29,030901,1030133,0,0,2,NYJN2208.pdf,00146947.tif,ORIGINAL,BLUE SHARK,4931,0309,1,0,0,1,0,0,0,3,2020-030901
36,01,2112,306,0,,7519,5,1,2,2020,06,26,032501,1030037,1,0,1,NYJN2112.pdf,00147010.tif,ORIGINAL,SHORTFIN MAKO SHARK,3551,0325,1,0,0,2,0,0,0,1,2020-032501
36,01,2112,305,0,,7519,5,1,2,2020,06,26,032501,1030037,1,0,1,NYJN2112.pdf,00147010.tif,ORIGINAL,COMMON THRESHER SHARK,3531,0325,2,1,1,0,0,0,1,1,2020-032501
36,02,2112,308,0,,7519,5,1,3,2020,06,26,032502,1030037,0,0,2,NYJN2112.pdf,00147012.tif,ORIGINAL,BLUE SHARK,4931,0325,1,0,0,1,0,0,0,2,2020-032502
36,02,2112,307,0,,7519,5,1,3,2020,06,26,032502,1030037,0,0,2,NYJN2112.pdf,00147012.tif,ORIGINAL,SHORTFIN MAKO SHARK,3551,0325,2,1,1,0,0,0,1,2,2020-032502
36,03,2112,310,0,,7519,5,1,4,2020,06,26,032503,1030037,1,0,1,NYJN2112.pdf,00147014.tif,ORIGINAL,BLUE SHARK,4931,0325,1,0,0,1,0,0,0,2,2020-032503
36,03,2112,309,0,,7519,5,1,4,2020,06,26,032503,1030037,1,0,1,NYJN2112.pdf,00147014.tif,ORIGINAL,COMMON THRESHER SHARK,3531,0325,2,1,1,0,0,0,1,2,2020-032503
36,04,2112,313,0,,7519,5,1,4,2020,06,26,032504,1030037,0,0,2,NYJN2112.pdf,00147016.tif,ORIGINAL,BLUE SHARK,4931,0325,1,0,0,5,0,0,0,1,2020-032504
36,04,2112,311,0,,7519,5,1,4,2020,06,26,032504,1030037,0,0,2,NYJN2112.pdf,00147016.tif,ORIGINAL,SHORTFIN MAKO SHARK,3551,0325,2,0,0,2,0,0,0,1,2020-032504
36,04,2112,312,0,,7519,5,1,4,2020,06,26,032504,1030037,0,0,2,NYJN2112.pdf,00147016.tif,ORIGINAL,SANDBAR SHARK,4821,0325,3,0,0,1,0,0,0,1,2020-032504
36,05,2112,315,0,,7519,5,1,2,2020,06,26,032505,1030037,0,0,2,NYJN2112.pdf,00147018.tif,ORIGINAL,BLUE SHARK,4931,0325,1,0,0,3,0,0,0,3,2020-032505
36,05,2112,314,0,,7519,5,1,2,2020,06,26,032505,1030037,0,0,2,NYJN2112.pdf,00147018.tif,ORIGINAL,SHORTFIN MAKO SHARK,3551,0325,2,0,0,1,0,0,0,3,2020-032505
36,06,2112,316,0,,7519,5,1,8,2020,06,26,032506,1030037,0,0,2,NYJN2112.pdf,00147020.tif,ORIGINAL,SHORTFIN MAKO SHARK,3551,0325,1,0,0,2,0,0,0,1,2020-032506
36,06,2112,317,0,,7519,5,1,8,2020,06,26,032506,1030037,0,0,2,NYJN2112.pdf,00147020.tif,ORIGINAL,BLUE SHARK,4931,0325,2,0,0,2,0,0,0,1,2020-032506
36,07,2112,318,0,,7519,5,1,4,2020,06,26,032507,1030037,0,0,2,NYJN2112.pdf,00147022.tif,ORIGINAL,BLUE SHARK,4931,0325,1,0,0,4,0,0,0,2,2020-032507
36,08,2112,320,0,,7519,5,1,3,2020,06,26,032508,1030037,0,0,2,NYJN2112.pdf,00147024.tif,ORIGINAL,BLUE SHARK,4931,0325,1,0,0,8,0,0,0,1,2020-032508
36,08,2112,319,0,,7519,5,1,3,2020,06,26,032508,1030037,0,0,2,NYJN2112.pdf,00147024.tif,ORIGINAL,SHORTFIN MAKO SHARK,3551,0325,2,1,1,1,0,0,1,1,2020-032508
36,09,2112,321,0,,7519,5,1,2,2020,06,26,032509,1030037,1,0,2,NYJN2112.pdf,00147026.tif,ORIGINAL,BLUE SHARK,4931,0325,1,0,0,12,0,0,0,2,2020-032509
36,10,2112,322,0,,7519,5,1,2,2020,06,26,032510,1030037,0,0,2,NYJN2112.pdf,00147028.tif,ORIGINAL,BFT SCHOOL,4677,0325,1,1,0,0,0,0,0,2,2020-032510
36,11,2112,325,0,,7519,5,1,7,2020,06,26,032511,1030037,0,0,2,NYJN2112.pdf,00147030.tif,ORIGINAL,BLUE SHARK,4931,0325,1,0,0,2,0,0,0,1,2020-032511
36,11,2112,323,0,,7519,5,1,7,2020,06,26,032511,1030037,0,0,2,NYJN2112.pdf,00147030.tif,ORIGINAL,SHORTFIN MAKO SHARK,3551,0325,2,0,0,1,0,0,0,1,2020-032511
36,11,2112,324,0,,7519,5,1,7,2020,06,26,032511,1030037,0,0,2,NYJN2112.pdf,00147030.tif,ORIGINAL,BFT GIANT,4671,0325,3,1,0,0,0,0,0,1,2020-032511
36,12,2112,326,0,,7519,5,1,6,2020,06,26,032512,1030037,0,0,2,NYJN2112.pdf,00147032.tif,ORIGINAL,SHORTFIN MAKO SHARK,3551,0325,1,0,0,3,0,0,0,3,2020-032512
36,12,2112,327,0,,7519,5,1,6,2020,06,26,032512,1030037,0,0,2,NYJN2112.pdf,00147032.tif,ORIGINAL,BLUE SHARK,4931,0325,2,0,0,4,0,0,0,3,2020-032512
36,13,2112,328,0,,7519,5,1,3,2020,06,26,032513,1030037,0,0,2,NYJN2112.pdf,00147034.tif,ORIGINAL,COMMON THRESHER SHARK,3531,0325,1,1,0,0,0,0,1,1,2020-032513
36,14,2112,329,0,,7519,5,1,5,2020,06,26,032514,1030037,1,0,2,NYJN2112.pdf,00147036.tif,ORIGINAL,BLUE SHARK,4931,0325,1,0,0,4,0,0,0,2,2020-032514
36,15,2112,330,0,,7519,5,1,4,2020,06,26,032515,1030037,0,0,2,NYJN2112.pdf,00147038.tif,ORIGINAL,BLUE SHARK,4931,0325,1,0,0,1,0,0,0,2,2020-032515
36,16,2112,331,0,,7519,5,1,6,2020,06,26,032516,1030037,0,0,2,NYJN2112.pdf,00147040.tif,ORIGINAL,BLUE SHARK,4931,0325,1,0,0,2,0,0,0,2,2020-032516
36,17,2112,334,0,,7519,5,1,3,2020,06,26,032517,1030037,0,0,2,NYJN2112.pdf,00147042.tif,ORIGINAL,BLUE SHARK,4931,0325,1,0,0,2,0,0,0,3,2020-032517
36,17,2112,333,0,,7519,5,1,3,2020,06,26,032517,1030037,0,0,2,NYJN2112.pdf,00147042.tif,ORIGINAL,DUSKY SHARK,4841,0325,2,0,0,1,0,0,0,3,2020-032517
36,17,2112,332,0,,7519,5,1,3,2020,06,26,032517,1030037,0,0,2,NYJN2112.pdf,00147042.tif,ORIGINAL,SHORTFIN MAKO SHARK,3551,0325,3,0,0,1,0,0,0,3,2020-032517
36,18,2112,335,0,,7519,5,1,5,2020,06,26,032518,1030037,0,0,2,NYJN2112.pdf,00147044.tif,ORIGINAL,SHORTFIN MAKO SHARK,3551,0325,1,0,0,1,0,0,0,2,2020-032518
36,18,2112,336,0,,7519,5,1,5,2020,06,26,032518,1030037,0,0,2,NYJN2112.pdf,00147044.tif,ORIGINAL,BLUE SHARK,4931,0325,2,0,0,10,0,0,0,2,2020-032518
36,19,2112,337,0,,7519,5,1,5,2020,06,26,032519,1030133,0,0,2,NYJN2112.pdf,00147046.tif,ORIGINAL,SHORTFIN MAKO SHARK,3551,0325,1,0,0,1,0,0,0,2,2020-032519
36,20,2112,338,0,,7519,5,1,4,2020,06,26,032520,1030133,1,0,2,NYJN2112.pdf,00147048.tif,ORIGINAL,BLUE SHARK,4931,0325,1,0,0,3,0,0,0,2,2020-032520
36,21,2112,339,0,,7519,5,1,6,2020,06,26,032521,1030037,0,0,2,NYJN2112.pdf,00147050.tif,ORIGINAL,SHORTFIN MAKO SHARK,3551,0325,1,0,0,1,0,0,0,2,2020-032521
36,21,2112,340,0,,7519,5,1,6,2020,06,26,032521,1030037,0,0,2,NYJN2112.pdf,00147050.tif,ORIGINAL,BLUE SHARK,4931,0325,2,0,0,20,0,0,0,2,2020-032521
36,01,2210,361,0,,7519,5,1,6,2020,06,30,032601,1030133,0,0,2,NYJN2210.pdf,00146955.tif,ORIGINAL,SANDBAR SHARK,4821,0326,1,0,0,1,0,0,0,3,2020-032601
51,01,2202,447,0,,7661,3,1,6,2020,06,30,032801,8100088,0,0,1,VAJN2202.pdf,00146963.tif,ORIGINAL,YFT,4711,0328,1,9,9,0,0,0,0,3,2020-032801
51,01,2202,446,0,,7661,3,1,6,2020,06,30,032801,8100088,0,0,1,VAJN2202.pdf,00146963.tif,ORIGINAL,WHITE MARLIN,2161,0328,2,0,0,1,0,0,0,3,2020-032801
51,02,2202,448,0,,7661,3,1,3,2020,06,30,032802,8101832,0,0,2,VAJN2202.pdf,00146965.tif,ORIGINAL,YFT,4711,0328,1,1,0,0,0,0,0,2,2020-032802
36,01,1202,271,0,,7519,5,1,2,2020,06,27,033001,1030037,0,0,2,NYJN1202.pdf,00146972.tif,ORIGINAL,SHORTFIN MAKO SHARK,3551,0330,1,0,0,1,0,0,0,3,2020-033001
36,02,1202,273,0,,7519,5,1,4,2020,06,27,033002,1030037,0,0,2,NYJN1202.pdf,00146974.tif,ORIGINAL,BLUE SHARK,4931,0330,1,0,0,2,0,0,0,2,2020-033002
36,02,1202,272,0,,7519,5,1,4,2020,06,27,033002,1030037,0,0,2,NYJN1202.pdf,00146974.tif,ORIGINAL,SHORTFIN MAKO SHARK,3551,0330,2,1,1,1,0,0,0,2,2020-033002
36,03,1202,274,0,,7519,5,1,3,2020,06,27,033003,1030037,0,0,1,NYJN1202.pdf,00146976.tif,ORIGINAL,SHORTFIN MAKO SHARK,3551,0330,1,0,0,1,0,0,0,1,2020-033003
36,03,1202,275,1,RARE OR ILLEGAL SPECIES KEPT;,7519,5,1,3,2020,06,27,033003,1030037,0,0,1,NYJN1202.pdf,00146976.tif,ORIGINAL,TIGER SHARK,4911,0330,2,1,1,0,0,0,1,1,2020-033003
36,04,1202,277,0,,7519,5,1,8,2020,06,27,033004,1030037,0,0,2,NYJN1202.pdf,00146978.tif,ORIGINAL,BLUE SHARK,4931,0330,1,0,0,1,0,0,0,1,2020-033004
36,04,1202,276,0,,7519,5,1,8,2020,06,27,033004,1030037,0,0,2,NYJN1202.pdf,00146978.tif,ORIGINAL,DUSKY SHARK,4841,0330,2,0,0,1,0,0,0,1,2020-033004
36,05,1202,278,0,,7519,5,1,3,2020,06,27,033005,1030037,0,0,2,NYJN1202.pdf,00146980.tif,ORIGINAL,BLUE SHARK,4931,0330,1,0,0,2,0,0,0,2,2020-033005
36,07,1202,279,0,,7519,5,1,4,2020,06,27,033007,1030037,0,0,2,NYJN1202.pdf,00146983.tif,ORIGINAL,SHORTFIN MAKO SHARK,3551,0330,1,1,1,1,0,0,1,2,2020-033007
36,07,1202,280,0,,7519,5,1,4,2020,06,27,033007,1030037,0,0,2,NYJN1202.pdf,00146983.tif,ORIGINAL,BLUE SHARK,4931,0330,2,1,1,2,0,0,0,2,2020-033007
36,08,1202,282,0,,7519,5,1,4,2020,06,27,033008,1030037,0,0,2,NYJN1202.pdf,00146985.tif,ORIGINAL,BLUE SHARK,4931,0330,1,0,0,1,0,0,0,1,2020-033008
36,08,1202,281,1,ALIVE;,7519,5,1,4,2020,06,27,033008,1030037,0,0,2,NYJN1202.pdf,00146985.tif,ORIGINAL,WHITE SHARK,4801,0330,2,0,0,1,0,0,0,1,2020-033008
36,09,1202,283,0,,7519,5,1,7,2020,06,27,033009,1030037,0,0,2,NYJN1202.pdf,00146987.tif,ORIGINAL,SHORTFIN MAKO SHARK,3551,0330,1,0,0,2,0,0,0,1,2020-033009
36,09,1202,284,0,,7519,5,1,7,2020,06,27,033009,1030037,0,0,2,NYJN1202.pdf,00146987.tif,ORIGINAL,BLUE SHARK,4931,0330,2,0,0,2,0,0,0,1,2020-033009
36,10,1202,285,0,,7519,5,1,2,2020,06,27,033010,1030037,0,0,2,NYJN1202.pdf,00146989.tif,ORIGINAL,BLUE SHARK,4931,0330,1,0,0,3,0,0,0,1,2020-033010
36,11,1202,286,0,,7519,5,1,3,2020,06,27,033011,1030037,0,0,2,NYJN1202.pdf,00146991.tif,ORIGINAL,BLUE SHARK,4931,0330,1,0,0,2,0,0,0,1,2020-033011
36,14,1202,287,0,,7519,5,1,5,2020,06,27,033014,1030037,0,0,2,NYJN1202.pdf,00146995.tif,ORIGINAL,BLUE SHARK,4931,0330,1,0,0,2,0,0,0,2,2020-033014
36,15,1202,288,0,,7519,5,1,6,2020,06,27,033015,1030037,0,0,2,NYJN1202.pdf,00146997.tif,ORIGINAL,SHORTFIN MAKO SHARK,3551,0330,1,1,1,0,0,0,1,2,2020-033015
36,16,1202,289,0,,7519,5,1,3,2020,06,27,033016,1030037,0,0,2,NYJN1202.pdf,00146999.tif,ORIGINAL,COMMON THRESHER SHARK,3531,0330,1,1,1,0,0,0,1,3,2020-033016
36,17,1202,290,0,,7519,5,1,6,2020,06,27,033017,1030037,0,0,2,NYJN1202.pdf,00147001.tif,ORIGINAL,BLUE SHARK,4931,0330,1,0,0,3,0,0,0,2,2020-033017
36,18,1202,291,0,,7519,5,1,6,2020,06,27,033018,1030133,0,0,2,NYJN1202.pdf,00147003.tif,ORIGINAL,BLUE SHARK,4931,0330,1,0,0,3,0,0,0,3,2020-033018
36,19,1202,293,0,,7519,5,1,4,2020,06,27,033019,1030133,0,0,2,NYJN1202.pdf,00147005.tif,ORIGINAL,BLUE SHARK,4931,0330,1,0,0,2,0,0,0,2,2020-033019
36,19,1202,292,0,,7519,5,1,4,2020,06,27,033019,1030133,0,0,2,NYJN1202.pdf,00147005.tif,ORIGINAL,SHORTFIN MAKO SHARK,3551,0330,2,0,0,1,0,0,0,2,2020-033019
