tracker,tcode,ppstfips,ppstate,tourn_name,docno,hook_oth,fm_other_oth,location,intcode,stcode,inttime,control,siteno,cluster,sitetype,prim_op,todayt,category,perm_ver,returnt,prim1,prim2,tourn,hook,lines,fhours,bt_live,bt_art,bt_dead,fm_troll,fm_chum,fm_chunk,fm_other,party,latddmm,londdmm,miles,depth,sst,contact,proxy,catch,faxno,tifno,year,enterr,interr,permismt,filestat,month,day,intdate,batch,site_no,county,mstarea,m_index,merrflag,mprobfld,onlist,measur,fm_other_other,id
40,6,36,NY,6,01,6,LIVE LINING,JEFFREYS LEDGE,6583,25,1800,2201,0024,15,1,1,1,3,1,1755,4671,9996,2,1,3,8,1,0,0,0,0,0,1,3,4255,7010,16,200,57,1,1,1,MAOC2201.pdf,00081138.tif,2014,1,1,0,ORIGINAL,10,06,20002,4061,0090024,009,2,168,0,,Y,2,,2014-406101
41,6,25,MA,6,10,6,LIVE LINING,JEFFREYS LEDGE,6583,25,1847,1205,0024,15,1,2,1,3,1,1845,4671,9996,2,1,2,10,1,0,0,0,0,0,1,1,4242,7020,10,160,98,1,2,1,MAOC1205.pdf,00081373.tif,2014,0,0,0,ORIGINAL,10,13,20009,4110,0090024,009,2,145,0,,Y,2,,2014-411010
43,6,25,MA,6,04,6,DRIFTING,STELLWAGEN BANK SW,6591,25,1415,2222,0218,8,1,2,1,3,2,1415,4671,9996,2,2,2,5,1,0,0,1,0,0,1,1,4208,7015,9,100,98,1,2,1,MAOC2222.pdf,00082109.tif,2014,0,0,0,ORIGINAL,10,28,20024,4314,0230218,023,2,184,0,,Y,2,,2014-431404
40,6,10,DE,6,03,6,6,BALTIMORE CANYON,6783,10,1815,2203,1599,2,1,1,2,2,1,1703,4656,1050,2,2,8,7,0,1,1,1,0,1,0,9,3814,7350,70,600,68,1,2,1,DEOC2203.pdf,00081238.tif,2014,0,0,0,ORIGINAL,10,10,20006,4085,0051599,005,6,70,1,Q23;,Y,1,,2014-408503
41,6,25,MA,6,04,6,LIVE LINING,STELLWAGEN BANK,6583,25,1805,1205,0024,15,1,2,1,3,1,1800,4671,9996,2,2,2,8,1,0,0,0,0,0,1,2,4225,7025,13,180,58,1,2,1,MAOC1205.pdf,00081362.tif,2014,0,0,0,ORIGINAL,10,13,20009,4110,0090024,009,2,146,0,,Y,2,,2014-411004
43,6,44,RI,6,01,6,GREENSTICK,FISHTAIL CANYON,7484,44,1410,1213,9012,11,1,1,2,3,1,1300,4711,4691,2,12,13,24,1,1,1,1,1,1,1,4,4000,7120,70,1200,71,2,2,1,RIOC1213.pdf,00082162.tif,2014,0,0,0,ORIGINAL,10,13,20009,4329,0099012,009,,271,1,Q19;,Y,2,,2014-432901
40,6,24,MD,6,03,6,6,WASHINGTON CANYON,6447,24,1834,2209,0853,3,1,1,2,2,1,1830,4656,1050,2,2,8,8,0,0,1,1,0,0,0,4,3727,7427,64,3000,71,1,2,2,MDOC2209.pdf,00081305.tif,2014,0,0,0,ORIGINAL,10,10,20006,4099,0470853,047,6,93,0,,Y,2,,2014-409903
41,6,25,MA,6,03,6,LIVE LINING,JEFFREYS LEDGE,6583,25,1750,1205,0024,15,1,1,2,1,1,1745,4671,9996,2,2,4,10,1,0,0,0,0,0,1,3,4242,7020,10,200,98,1,2,1,MAOC1205.pdf,00081360.tif,2014,0,0,0,ORIGINAL,10,13,20009,4110,0090024,009,2,147,0,,Y,2,,2014-411003
42,6,25,MA,6,03,6,LIVE LINING,THATCHERS,7478,25,1740,1121,0803,15,1,1,2,1,7,1700,4671,9996,2,2,4,6,1,0,0,0,0,0,1,2,4238,7033,6,160,57,2,2,1,MAOC1121.pdf,00081793.tif,2014,0,1,0,ORIGINAL,10,18,20014,4223,0090803,009,2,133,0,,Y,2,,2014-422303
41,6,25,MA,6,07,6,LIVE LINING,JEFFREYS LEDGE,6583,25,1810,1205,0024,15,1,2,1,3,1,1800,4671,9996,2,2,2,10,1,0,0,0,0,0,1,3,4242,7020,10,180,98,2,2,2,MAOC1205.pdf,00081368.tif,2014,0,0,0,ORIGINAL,10,13,20009,4110,0090024,009,2,148,0,,Y,2,,2014-411007
40,6,10,DE,6,08,6,6,BALTIMORE CANYON,6783,10,1821,2203,1599,2,1,2,1,3,7,1801,1050,9996,2,2,10,8,0,1,1,1,0,1,0,7,3814,7350,68,1000,68,1,2,1,DEOC2203.pdf,00081248.tif,2014,0,1,0,ORIGINAL,10,10,20006,4085,0051599,005,6,71,0,,Y,1,,2014-408508
40,6,25,MA,6,05,6,6,STELLWAGEN BANK SW,6591,25,1645,2103,0784,8,1,2,1,3,2,1645,4677,4678,2,12,4,6,1,0,0,1,0,0,0,4,4210,7015,18,200,98,1,2,2,MAOC2103.pdf,00081164.tif,2014,0,1,0,ORIGINAL,10,06,20002,4066,0230784,023,2,158,0,,Y,2,,2014-406605
40,6,25,MA,6,04,6,6,STELLWAGEN BANK SW,6591,25,1630,2103,0784,8,1,2,1,3,2,1630,4677,4671,2,12,4,6,1,0,0,1,0,0,0,5,4210,7015,15,180,98,1,2,2,MAOC2103.pdf,00081163.tif,2014,0,1,0,ORIGINAL,10,06,20002,4066,0230784,023,2,159,0,,Y,2,,2014-406604
42,6,25,MA,6,02,6,DRIFTING,STELLWAGEN BANK SW,6591,25,1530,1110,0784,8,1,2,1,3,2,1530,4677,4678,2,1,3,8,1,0,0,1,0,0,1,2,4210,7015,12,120,98,1,2,2,MAOC1110.pdf,00081782.tif,2014,1,0,0,ORIGINAL,10,25,20021,4222,0230784,023,2,104,0,,Y,2,,2014-422202
43,6,25,MA,6,06,6,DRIFTING,PEAKED HILL,6591,25,1445,2222,0784,8,1,2,1,3,2,1445,4677,4678,2,1,3,8,1,0,0,1,0,0,1,2,4205,7008,3,180,98,1,2,2,MAOC2222.pdf,00082112.tif,2014,0,0,0,ORIGINAL,10,28,20024,4314,0230784,023,2,185,0,,Y,2,,2014-431406
41,6,25,MA,6,02,6,LIVE LINING,STELLWAGEN BANK,7478,25,1830,1114,0803,15,1,2,1,3,7,1730,4671,9996,2,1,3,8,1,0,0,0,0,0,1,6,4216,7017,15,170,57,2,2,1,MAOC1114.pdf,00081518.tif,2014,1,1,0,ORIGINAL,10,11,20007,4142,0090803,009,2,110,0,,Y,2,,2014-414202
41,6,36,NY,6,04,6,RUBBER PLASTIC,ELBOW,7466,36,1750,2210,0123,4,1,2,1,3,1,1720,4681,9996,2,2,2,4,0,1,0,0,0,0,1,4,9998,9998,1,25,62,1,2,1,NYOC2210.pdf,00081643.tif,2014,0,0,0,ORIGINAL,10,17,20013,4173,1030123,103,4,253,0,,Y,2,,2014-417304
42,6,51,VA,6,04,6,6,TRIPLE ZEROS,2836,51,1835,2109,0002,1,1,1,2,2,1,1831,4720,9996,2,2,8,8,0,1,0,1,0,0,0,3,3615,7450,67,300,72,1,2,2,VAOC2109.pdf,00082207.tif,2014,1,1,0,ORIGINAL,10,28,20024,4284,8100002,810,7,278,0,,Y,2,,2014-428404
42,6,25,MA,6,04,6,DRIFTING,STELLWAGEN BANK,6591,25,1600,1110,0218,8,1,1,2,1,2,1600,4671,9996,2,2,2,8,1,0,0,1,0,0,1,2,4216,7017,12,120,98,1,2,2,MAOC1110.pdf,00081785.tif,2014,0,0,0,ORIGINAL,10,25,20021,4222,0230218,023,2,105,0,,Y,2,,2014-422204
40,6,24,MD,6,01,6,6,WASHINGTON CANYON,6555,24,1624,2207,0024,2,1,2,1,3,1,1610,1050,4711,2,12,6,8,0,0,1,0,0,1,0,5,3729,7430,60,600,69,1,2,1,MDOC2207.pdf,00081100.tif,2014,1,0,0,ORIGINAL,10,06,20002,4048,0470024,047,6,92,0,,Y,1,,2014-404801
42,6,24,MD,6,01,6,BAILING,BALTIMORE CANYON,6447,24,1759,1204,0853,3,1,2,1,3,1,1750,4656,1050,2,12,9,7,0,1,1,1,0,0,1,6,3806,7349,61,3000,66,2,1,1,MDOC1204.pdf,00081819.tif,2014,0,1,0,ORIGINAL,10,25,20021,4232,0470853,047,6,78,0,,Y,1,,2014-423201
40,6,24,MD,6,01,6,BAILING,BALTIMORE CANYON,6447,24,1904,2204,0853,3,1,2,1,3,1,1845,1050,4656,2,12,4,8,0,1,1,1,0,0,1,6,3814,7350,62,600,68,1,2,1,MDOC2204.pdf,00081295.tif,2014,0,0,0,ORIGINAL,10,09,20005,4097,0470853,047,6,90,0,,Y,2,,2014-409701
42,6,25,MA,6,06,6,DRIFTING,STELLWAGEN BANK SW,6591,25,1630,1110,0784,8,1,2,1,3,2,1630,4677,4678,2,2,2,4,1,0,0,1,0,0,1,2,4210,7015,12,110,53,1,2,2,MAOC1110.pdf,00081788.tif,2014,0,0,0,ORIGINAL,10,25,20021,4222,0230784,023,2,106,0,,Y,2,,2014-422206
40,6,51,VA,6,02,6,6,NORFOLK CANYON,6633,51,1805,2101,0088,3,1,2,1,3,1,1745,1050,7777,2,12,8,8,0,0,1,1,0,1,0,4,3705,7435,60,1300,70,1,2,1,VAOC2101.pdf,00081079.tif,2014,0,1,0,ORIGINAL,10,03,19999,4043,8100088,810,7,276,0,,Y,1,,2014-404302
40,6,51,VA,6,01,6,6,CIGAR,6633,51,1725,2101,0088,3,1,2,1,3,1,1705,1050,9996,2,12,7,7,0,0,1,1,0,1,0,6,3630,7450,65,600,72,1,1,1,VAOC2101.pdf,00081077.tif,2014,0,0,0,ORIGINAL,10,03,19999,4043,8100088,810,7,277,0,,Y,1,,2014-404301
40,6,51,VA,6,01,6,6,CIGAR,7415,51,1720,2201,0088,3,1,2,1,3,1,1710,1050,9996,2,12,7,6,0,0,1,1,0,0,0,6,3630,7450,65,300,75,1,1,1,VAOC2201.pdf,00081083.tif,2014,0,0,0,ORIGINAL,10,01,19997,4044,8100088,810,7,282,0,,Y,1,,2014-404401
41,6,51,VA,6,02,6,6,TRIPLE ZEROS,2836,51,1720,1201,0088,3,1,2,1,3,1,1657,1050,4720,2,2,7,7,0,0,1,1,0,0,0,6,3615,7450,55,360,79,1,2,1,VAOC1201.pdf,00081324.tif,2014,0,0,0,ORIGINAL,10,11,20007,4106,8100088,810,7,273,0,,Y,1,,2014-410602
42,6,51,VA,6,01,6,6,CIGAR,2836,51,1800,1107,0088,3,1,2,1,3,1,1729,4720,7777,2,2,6,6,0,0,1,1,0,0,0,4,3630,7450,65,600,74,1,2,1,VAOC1107.pdf,00081958.tif,2014,1,0,0,ORIGINAL,10,25,20021,4262,8100088,810,7,272,0,,Y,1,,2014-426201
41,6,33,NH,6,01,6,6,PIGEON HOLE,7534,33,1720,1102,0099,2,1,1,2,3,2,1715,4671,9996,2,2,4,6,1,0,0,0,1,0,0,3,4255,7005,26,200,62,2,2,2,NHOC1102.pdf,00081599.tif,2014,0,1,0,ORIGINAL,10,18,20014,4165,0150099,015,1,198,0,,Y,2,,2014-416501
41,6,25,MA,6,02,6,6,JEFFREYS LEDGE,6583,25,1720,1205,0024,15,1,2,1,3,1,1705,4671,9996,2,2,3,10,1,0,1,0,1,0,0,5,4242,7020,10,200,56,1,2,1,MAOC1205.pdf,00081358.tif,2014,0,0,0,ORIGINAL,10,13,20009,4110,0090024,009,2,149,0,,Y,2,,2014-411002
41,6,25,MA,6,06,6,LIVE LINING,JEFFREYS LEDGE,6583,25,1825,1205,0024,15,1,1,2,1,1,1820,4671,9996,2,1,4,8,1,0,0,0,0,0,1,4,4242,7020,10,160,58,2,2,1,MAOC1205.pdf,00081366.tif,2014,0,0,0,ORIGINAL,10,13,20009,4110,0090024,009,2,150,0,,Y,2,,2014-411006
42,6,25,MA,6,09,6,LIVE LINING,JEFFREYS LEDGE,7478,25,1855,1121,0803,15,1,1,2,1,7,1840,4671,9996,2,1,4,12,1,0,0,0,0,0,1,3,4255,7010,5,180,58,1,2,2,MAOC1121.pdf,00081800.tif,2014,0,1,0,ORIGINAL,10,18,20014,4223,0090803,009,2,134,0,,Y,2,,2014-422309
40,6,25,MA,6,01,6,6,STELLWAGEN BANK SW,6591,25,1400,2104,9038,9,1,2,1,3,2,1400,4678,4677,2,2,5,4,0,1,0,1,0,0,0,5,4210,7010,9,81,59,1,2,1,MAOC2104.pdf,00081252.tif,2014,0,1,0,ORIGINAL,10,10,20006,4086,0239038,023,2,164,0,,Y,2,,2014-408601
41,6,25,MA,6,05,6,LIVE LINING,STELLWAGEN S,6634,25,1450,1106,0217,8,3,1,2,3,1,1435,4677,4678,2,1,3,6,1,1,0,1,0,0,1,2,4210,7015,18,120,58,1,2,2,MAOC1106.pdf,00081508.tif,2014,1,0,0,ORIGINAL,10,13,20009,4141,0230217,023,2,96,0,,Y,2,,2014-414105
42,6,34,NJ,6,01,6,6,HUDSON EAST,6013,34,1530,2102,0186,7,1,2,1,3,1,1230,4711,4328,2,12,9,12,1,1,1,1,0,1,0,6,3930,7220,85,700,70,1,1,1,NJOC2102.pdf,00081861.tif,2014,0,0,0,ORIGINAL,10,21,20017,4246,0290186,029,5,206,0,,Y,2,,2014-424601
42,6,25,MA,6,01,6,6,BUTTERFISH HOLE,7466,36,1655,1110,0037,4,1,2,1,3,1,1630,3551,3531,2,1,4,3,1,0,1,0,1,1,0,5,4050,7135,30,230,64,1,2,1,NYOC1110.pdf,00081889.tif,2014,1,1,0,ORIGINAL,10,25,20021,4253,1030037,103,4,228,0,,Y,2,,2014-425301
42,6,25,MA,6,01,6,6,CRAB LEDGE,7497,25,1340,2206,0392,4,3,2,2,3,2,1330,4676,9996,2,2,5,7,0,1,0,1,0,0,0,3,4138,6940,15,240,55,1,2,2,MAOC2206.pdf,00081979.tif,2014,0,0,0,ORIGINAL,10,28,20024,4271,0010392,001,2,173,0,,Y,2,,2014-427101
40,6,24,MD,6,05,6,6,POOR MANS CANYON,6936,24,1725,2103,1493,5,1,1,2,2,1,1700,4711,1050,2,2,10,12,0,0,1,1,0,0,0,2,3752,7406,62,3800,70,1,2,1,MDOC2103.pdf,00081288.tif,2014,0,0,0,ORIGINAL,10,10,20006,4096,0471493,047,6,82,0,,Y,1,,2014-409605
40,6,25,MA,6,03,6,6,JEFFREYS LEDGE,6583,25,1842,2201,0024,15,1,1,2,1,1,1835,4671,9996,2,1,3,10,1,0,1,0,1,0,0,3,4255,7010,16,200,60,2,2,1,MAOC2201.pdf,00081142.tif,2014,1,0,0,ORIGINAL,10,06,20002,4061,0090024,009,2,169,0,,Y,2,,2014-406103
41,6,36,NY,6,01,6,6,JENNYS HORN,7466,36,1650,2201,0135,4,1,1,2,2,1,1630,3551,3531,2,2,4,8,0,0,1,0,1,1,0,2,4049,7133,18,200,66,1,2,1,NYOC2201.pdf,00081422.tif,2014,0,0,0,ORIGINAL,10,10,20006,4125,1030135,103,4,233,0,,Y,2,,2014-412501
41,6,25,MA,6,03,6,6,PEAKED HILL,6634,25,1412,1106,0784,8,1,1,2,2,7,1400,4671,9996,2,2,5,2,0,1,0,1,0,0,0,3,4205,7008,7,120,50,1,2,2,MAOC1106.pdf,00081506.tif,2014,0,1,0,ORIGINAL,10,13,20009,4141,0230784,023,2,97,1,Q27;,Y,2,,2014-414103
43,6,25,MA,6,02,6,6,PEAKED HILL,6591,25,1345,2222,0784,8,1,1,2,2,2,1345,4677,4678,2,2,5,5,0,1,0,1,0,0,0,3,4205,7008,5,80,56,1,2,2,MAOC2222.pdf,00082106.tif,2014,1,0,0,ORIGINAL,10,28,20024,4314,0230784,023,2,186,0,,Y,2,,2014-431402
43,6,25,MA,6,08,6,6,STELLWAGEN BANK SW,6591,25,1515,2222,0784,8,1,1,2,2,2,1515,4677,4678,2,2,4,6,0,1,0,1,0,0,0,2,4208,7015,16,115,98,1,2,2,MAOC2222.pdf,00082114.tif,2014,0,0,0,ORIGINAL,10,28,20024,4314,0230784,023,2,187,0,,Y,2,,2014-431408
42,6,37,NC,6,02,6,6,CIGAR,2836,51,1815,2109,0002,1,1,1,2,1,1,1810,4720,9996,2,2,8,8,0,0,1,1,0,0,0,5,3630,7450,45,300,73,1,1,1,VAOC2109.pdf,00082203.tif,2014,0,0,0,ORIGINAL,10,28,20024,4284,8100002,810,7,279,0,,Y,1,,2014-428402
42,6,25,MA,6,05,6,LIVE LINE,STELLWAGEN BANK,7478,25,1805,1121,0803,15,1,1,1,3,7,1720,4671,9996,2,2,2,40,1,0,0,0,0,0,1,4,4216,7017,15,150,58,2,2,2,MAOC1121.pdf,00081796.tif,2014,0,1,0,ORIGINAL,10,18,20014,4223,0090803,009,2,135,1,Q20;,Y,2,,2014-422305
40,6,25,MA,6,03,6,6,STELLWAGEN BANK SW,6591,25,1630,2104,9038,9,1,2,1,3,2,1630,4678,4677,2,2,4,8,0,1,0,1,0,0,0,4,4210,7015,12,100,57,2,2,1,MAOC2104.pdf,00081256.tif,2014,0,0,0,ORIGINAL,10,10,20006,4086,0239038,023,2,165,0,,N,2,,2014-408603
41,6,25,MA,6,01,6,6,STELLWAGEN BANK SW,6591,25,1430,2204,9038,9,1,2,1,3,2,1430,4677,4678,2,12,5,8,1,1,0,1,0,0,0,5,4210,7015,12,110,56,2,2,1,MAOC2204.pdf,00081447.tif,2014,0,0,0,ORIGINAL,10,14,20010,4129,0239038,023,2,172,0,,N,2,,2014-412901
41,6,36,NY,6,03,6,6,JENNYS HORN,7466,36,1640,1107,0134,4,1,2,1,3,1,1620,3551,3531,2,2,3,6,0,0,1,0,1,1,0,4,4049,7133,25,180,67,1,2,1,NYOC1107.pdf,00081492.tif,2014,0,0,0,ORIGINAL,10,12,20008,4138,1030134,103,4,212,0,,Y,2,,2014-413803
40,6,24,MD,6,06,6,6,POOR MANS CANYON,6936,24,1740,2103,1493,5,1,1,2,2,1,1715,4711,1050,2,2,10,6,0,1,1,1,0,0,0,6,3752,7406,55,600,68,1,2,1,MDOC2103.pdf,00081290.tif,2014,0,0,0,ORIGINAL,10,10,20006,4096,0471493,047,6,83,0,,Y,2,,2014-409606
42,6,25,MA,6,01,6,6,STELLWAGEN BANK SW,6591,25,1400,1110,0784,8,1,2,1,3,2,1200,4677,4678,2,2,5,1,0,1,0,1,0,0,0,3,4210,7015,17,90,98,1,2,1,MAOC1110.pdf,00081780.tif,2014,0,0,0,ORIGINAL,10,25,20021,4222,0230784,023,2,107,0,,Y,2,,2014-422201
43,6,25,MA,6,10,6,DRIFTING,STELLWAGEN BANK SW,6591,25,1545,2222,0784,8,1,2,1,3,2,1545,4671,9996,2,1,5,8,1,0,0,1,0,0,1,2,4208,7015,17,120,55,1,2,2,MAOC2222.pdf,00082116.tif,2014,0,0,0,ORIGINAL,10,28,20024,4314,0230784,023,2,188,0,,Y,2,,2014-431410
41,6,25,MA,6,05,6,LIVE LINING,JEFFREYS LEDGE,6583,25,1810,1205,0024,15,1,2,1,3,1,1800,4671,9996,2,1,2,10,1,0,0,0,0,0,1,2,4242,7020,10,170,57,2,2,1,MAOC1205.pdf,00081364.tif,2014,0,0,0,ORIGINAL,10,13,20009,4110,0090024,009,2,151,0,,Y,2,,2014-411005
42,6,25,MA,6,08,6,LIVE LINING,JEFFREYS LEDGE,7478,25,1845,1121,0803,15,1,2,2,3,7,1800,4671,9996,2,1,2,8,1,0,0,0,0,0,1,3,4255,7010,16,200,58,2,2,2,MAOC1121.pdf,00081799.tif,2014,0,1,0,ORIGINAL,10,18,20014,4223,0090803,009,2,136,0,,Y,2,,2014-422308
40,6,44,RI,6,02,6,6,RACE PT,6591,25,1531,2103,0784,8,2,2,2,3,2,1530,4671,4678,2,2,3,6,1,0,0,1,0,0,0,1,4204,7017,3,130,98,1,2,1,MAOC2103.pdf,00081160.tif,2014,1,0,0,ORIGINAL,10,06,20002,4066,0230784,023,2,160,0,,Y,2,,2014-406602
43,6,44,RI,6,05,6,6,STELLWAGEN BANK SW,6591,25,1430,2222,0784,8,1,2,1,3,2,1430,4671,4678,2,2,3,5,1,0,0,1,0,0,0,1,4208,7015,12,110,98,1,2,2,MAOC2222.pdf,00082111.tif,2014,0,1,0,ORIGINAL,10,28,20024,4314,0230784,023,2,189,0,,Y,2,,2014-431405
40,6,10,DE,6,01,6,6,POOR MANS CANYON,6447,24,1735,2209,0853,3,1,2,1,3,1,1725,1050,4656,2,1,6,8,0,1,1,1,0,0,0,6,3752,7406,55,600,69,2,1,1,MDOC2209.pdf,00081301.tif,2014,0,0,0,ORIGINAL,10,10,20006,4099,0470853,047,6,94,0,,Y,2,,2014-409901
42,6,37,NC,6,01,6,6,CIGAR,2836,51,1655,2109,0002,1,1,1,2,2,1,1648,4720,9996,2,2,5,5,0,1,0,1,0,0,0,2,3630,7450,50,300,72,1,2,2,VAOC2109.pdf,00082202.tif,2014,0,0,0,ORIGINAL,10,28,20024,4284,8100002,810,7,280,0,,Y,2,,2014-428401
41,6,25,MA,6,06,6,CASTING,STELLWAGEN S,6634,25,1520,1106,0218,8,1,2,1,3,1,1510,4677,4678,2,2,3,6,0,1,0,0,0,0,1,4,4210,7015,20,190,59,1,2,1,MAOC1106.pdf,00081509.tif,2014,1,1,0,ORIGINAL,10,13,20009,4141,0230218,023,2,98,0,,Y,2,,2014-414106
41,6,36,NY,6,04,6,METAL JIGS,THE POINT,7466,36,1740,1102,0133,4,1,2,1,3,1,1500,4681,9996,2,1,3,7,0,1,1,1,0,0,1,4,9998,9998,2,30,68,1,2,1,NYOC1102.pdf,00081628.tif,2014,0,0,0,ORIGINAL,10,18,20014,4170,1030133,103,4,208,0,,Y,2,,2014-417004
41,6,36,NY,6,06,6,METAL AND FEATHERS,ELBOW,7466,36,1840,2210,0133,4,1,2,1,3,1,1430,4681,9996,2,2,2,7,0,1,0,0,0,0,1,3,9998,9998,2,25,66,1,2,1,NYOC2210.pdf,00081647.tif,2014,0,0,0,ORIGINAL,10,17,20013,4173,1030133,103,4,254,1,Q15;,Y,2,,2014-417306
42,6,36,NY,6,01,6,6,7,7510,36,1650,2204,0589,3,1,1,2,2,7,1640,3551,3531,2,2,4,10,0,1,1,1,1,1,0,3,9998,9998,39,240,67,1,2,1,NYOC2204.PDF,00081732.tif,2014,0,1,0,ORIGINAL,10,21,20017,4204,1030589,103,4,240,0,,Y,2,,2014-420401
42,6,25,MA,6,06,6,LIVE LINE,JEFFREYS LEDGE,7478,25,1815,1121,0803,15,1,1,2,2,7,1800,4671,9996,2,2,2,8,1,0,0,0,0,0,1,2,4255,7010,7,150,57,2,2,2,MAOC1121.pdf,00081797.tif,2014,0,1,0,ORIGINAL,10,18,20014,4223,0090803,009,2,137,0,,Y,2,,2014-422306
41,6,09,CT,6,03,6,6,PEAKED HILL,6698,25,1545,1120,0279,18,3,1,2,2,1,1530,4676,9996,2,2,2,6,0,1,0,1,0,0,0,2,4205,7007,10,100,98,1,2,2,MAOC1120.pdf,00081444.tif,2014,1,0,0,ORIGINAL,10,13,20009,4128,0010279,001,2,130,0,,Y,2,,2014-412803
41,6,25,MA,6,08,6,JIGGING,EAST CHATHAM,7405,25,1545,1119,0922,10,1,1,2,2,1,1540,4656,9996,2,2,3,6,0,1,0,1,0,0,1,3,4140,6955,15,450,68,1,2,2,MAOC1119.pdf,00081342.tif,2014,0,0,0,ORIGINAL,10,13,20009,4109,0010922,001,2,113,0,,Y,2,,2014-410908
41,6,36,NY,6,06,6,6,BUTTERFISH HOLE,7466,36,1905,1107,0037,4,1,2,1,3,7,1900,3551,3531,2,2,4,5,1,0,1,0,0,1,0,4,4050,7135,15,185,64,1,2,2,NYOC1107.pdf,00081498.tif,2014,0,1,0,ORIGINAL,10,12,20008,4138,1030037,103,4,213,0,,Y,2,,2014-413806
41,6,36,NY,6,07,6,6,ELBOW,7466,36,1635,1108,0037,4,1,2,1,3,7,1615,4681,9996,2,2,4,4,1,0,0,1,0,1,0,5,9998,9998,1,25,63,1,2,1,NYOC1108.pdf,00081554.tif,2014,0,1,0,ORIGINAL,10,13,20009,4139,1030037,103,4,218,0,,Y,2,,2014-413907
42,6,36,NY,6,01,6,DIAMOND JIGS,MONTAUK POINT,7466,36,1615,2214,0037,4,1,2,1,3,1,1330,4681,9996,2,2,5,3,0,1,0,1,0,0,1,5,9998,9998,1,36,60,1,2,1,NYOC2214.pdf,00081943.tif,2014,1,1,0,ORIGINAL,10,24,20020,4257,1030037,103,4,264,0,,Y,2,,2014-425701
43,6,25,MA,6,07,6,6,SE STELLWAGEN,6591,25,1500,2222,0784,8,1,2,2,3,2,1500,4677,4678,2,2,5,6,0,1,0,1,0,0,0,3,9998,9998,21,180,54,1,2,2,MAOC2222.pdf,00082113.tif,2014,1,0,0,ORIGINAL,10,28,20024,4314,0230784,023,2,190,0,,Y,2,,2014-431407
41,6,33,NH,6,03,6,6,PIGEON HOLE,7534,33,1730,1202,0099,2,1,2,2,3,1,1700,4671,9996,2,2,4,10,1,0,0,0,0,1,0,2,4255,7005,26,210,59,1,2,2,NHOC1202.pdf,00081389.tif,2014,0,1,0,ORIGINAL,10,12,20008,4115,0150099,015,1,201,0,,Y,2,,2014-411503
41,6,33,NH,6,01,6,6,PIGEON HOLE,7534,33,1615,2204,0099,2,1,2,2,3,1,1545,4671,9996,2,2,4,8,1,0,0,0,0,1,0,2,4255,7005,26,220,58,1,2,1,NHOC2204.pdf,00081393.tif,2014,0,0,0,ORIGINAL,10,10,20006,4116,0150099,015,1,205,0,,Y,2,,2014-411601
40,6,10,DE,6,01,6,6,WILMINGTON CANYON,6783,10,1629,2203,1599,2,3,1,2,2,1,1615,4656,1050,2,1,8,11,0,1,1,1,1,1,0,4,3824,7327,75,1500,68,1,2,1,DEOC2203.pdf,00081234.tif,2014,0,1,0,ORIGINAL,10,10,20006,4085,0051599,005,6,72,0,,Y,1,,2014-408501
43,6,24,MD,6,01,6,6,BALTIMORE CANYON,6783,24,1625,2205,0938,7,1,2,2,3,1,1620,4656,9996,2,12,7,8,0,1,1,1,0,0,0,2,3814,7350,60,1200,62,1,2,2,MDOC2205.pdf,00082180.tif,2014,1,1,0,ORIGINAL,10,31,20027,4335,0470938,047,6,91,0,,Y,2,,2014-433501
43,6,25,MA,6,03,6,DRIFTING,PEAKED HILL,6591,25,1400,2222,0218,8,1,2,1,3,2,1400,4677,4678,2,2,3,5,1,0,0,0,0,0,1,3,4205,7008,2,140,98,1,2,1,MAOC2222.pdf,00082107.tif,2014,1,0,0,ORIGINAL,10,28,20024,4314,0230218,023,2,191,0,,Y,2,,2014-431403
41,6,25,MA,6,09,6,LIVE LINING,JEFFREYS LEDGE,6583,25,1838,1205,0024,15,1,2,1,1,1,1836,4671,9996,2,2,3,10,1,0,0,0,0,0,1,4,4242,7020,10,160,57,2,2,1,MAOC1205.pdf,00081371.tif,2014,0,1,0,ORIGINAL,10,13,20009,4110,0090024,009,2,152,0,,Y,2,,2014-411009
42,6,36,NY,6,02,6,FLIES AND SPINNERS,MONTAUK POINT,7466,36,1705,1110,0085,4,1,1,2,2,6,1530,4681,9996,2,2,1,4,0,1,0,0,0,0,1,2,9998,9998,1,30,60,1,2,2,NYOC1110.pdf,00081891.tif,2014,1,0,0,ORIGINAL,10,25,20021,4253,1030085,103,4,229,0,,Y,2,,2014-425302
41,6,25,MA,6,01,6,6,FISHING LEDGE,6698,25,1658,1117,0279,18,3,1,2,2,2,1650,4676,9996,2,2,1,1,0,1,0,1,0,0,0,1,4156,7018,6,120,58,1,2,2,MAOC1117.pdf,00081438.tif,2014,0,0,0,ORIGINAL,10,12,20008,4127,0010279,001,2,112,0,,Y,2,,2014-412701
40,6,34,NJ,6,03,6,6,STELLWAGEN BANK,6698,25,1710,2101,0279,18,3,1,2,2,7,1700,4676,9996,2,2,4,5,0,1,1,1,0,0,0,3,4210,7015,14,100,66,1,2,2,MAOC2101.pdf,00081170.tif,2014,1,1,0,ORIGINAL,10,06,20002,4060,0010279,001,2,155,0,,N,2,,2014-406003
42,6,51,VA,6,01,6,6,CIGAR,7421,51,1810,1204,0002,1,1,2,1,3,1,1800,4656,2161,2,2,8,8,0,1,1,1,0,0,0,6,3630,7450,70,600,70,1,2,2,VAOC1204.pdf,00081964.tif,2014,1,1,0,ORIGINAL,10,25,20021,4265,8100002,810,7,275,0,,Y,2,,2014-426501
40,6,34,NJ,6,02,6,6,PEAKED HILL,6698,25,1705,2101,0279,18,3,1,2,2,1,1700,4670,9996,2,2,4,3,0,0,1,1,0,0,0,3,4205,7007,2,130,59,1,2,2,MAOC2101.pdf,00081169.tif,2014,1,0,0,ORIGINAL,10,06,20002,4060,0010279,001,2,156,0,,Y,2,,2014-406002
41,6,51,VA,6,01,6,6,TRIPLE ZEROS,2836,51,1643,1201,0088,3,1,2,2,3,1,1640,4711,9996,2,2,6,6,0,0,1,1,0,0,0,3,3615,7450,65,600,78,1,2,2,VAOC1201.pdf,00081323.tif,2014,0,0,0,ORIGINAL,10,11,20007,4106,8100088,810,7,274,0,,Y,2,,2014-410601
41,6,25,MA,6,10,SPREADER BARS,6,BC BUOY,7405,25,1605,1119,0922,10,1,1,2,1,1,1600,4656,9996,2,3,3,5,0,1,0,1,0,0,0,2,4141,6935,12,400,54,1,2,1,MAOC1119.pdf,00081344.tif,2014,0,0,0,ORIGINAL,10,13,20009,4109,0010922,001,2,114,0,,Y,2,,2014-410910
40,6,24,MD,6,02,6,DRIFTING,WASHINGTON CANYON,6936,24,1610,2103,1493,5,1,1,2,2,1,1530,4711,9996,2,12,8,15,0,1,1,1,0,0,1,5,3727,7427,63,2000,70,1,2,1,MDOC2103.pdf,00081282.tif,2014,0,0,0,ORIGINAL,10,10,20006,4096,0471493,047,6,84,0,,Y,1,,2014-409602
43,6,25,MA,6,07,6,DRIFTING,MEADOW BANKS,6591,25,1530,2213,0218,8,1,2,1,3,2,1530,4671,9996,2,2,3,5,1,0,0,1,0,0,1,2,9998,9998,10,108,56,1,2,2,MAOC2213.pdf,00082199.tif,2014,1,0,0,ORIGINAL,10,31,20027,4339,0230218,023,2,174,0,,Y,2,,2014-433907
41,6,51,VA,6,02,6,6,CIGAR,6633,51,2005,2204,0091,1,1,1,2,2,1,1945,7777,9996,2,2,9,11,0,0,1,1,0,0,0,7,3630,7450,65,960,77,1,2,1,VAOC2204.pdf,00081704.tif,2014,0,0,0,ORIGINAL,10,20,20016,4195,8100091,810,7,284,0,,Y,1,,2014-419502
40,6,25,MA,6,01,6,6,POPPER,6591,25,1400,2103,0784,8,1,2,2,3,2,1400,4671,4678,2,12,4,6,1,0,0,1,0,0,0,2,9998,9998,24,160,58,1,2,1,MAOC2103.pdf,00081158.tif,2014,0,1,0,ORIGINAL,10,06,20002,4066,0230784,023,2,161,0,,Y,2,,2014-406601
40,6,24,MD,6,03,6,6,WASHINGTON CANYON,6936,24,1750,2101,1493,5,1,2,2,3,1,1735,7777,9996,2,12,10,8,0,1,1,1,0,0,0,8,3727,7427,60,600,70,1,1,1,MDOC2101.pdf,00081096.tif,2014,0,0,0,ORIGINAL,10,06,20002,4047,0471493,047,6,79,0,,Y,1,,2014-404703
41,6,36,NY,6,08,6,6,THE DIP AND FISHTALES,7466,36,1720,1108,0135,4,1,1,2,2,7,1630,4711,9996,2,12,10,14,1,1,1,1,0,1,0,5,9998,9998,90,600,72,1,2,1,NYOC1108.pdf,00081556.tif,2014,0,1,0,ORIGINAL,10,13,20009,4139,1030135,103,4,219,0,,Y,2,,2014-413908
41,6,25,MA,6,01,6,6,CRAB LEDGE,7282,25,1315,2223,9036,21,3,2,1,3,2,1315,4671,9996,2,2,3,6,0,1,0,1,0,1,0,3,4138,6940,7,210,58,2,2,2,MAOC2223.pdf,00081589.tif,2014,1,0,0,ORIGINAL,10,17,20013,4161,0019036,001,2,196,0,,Y,2,,2014-416101
40,6,24,MD,6,07,6,6,BALTIMORE CANYON,6936,24,1845,2103,1493,5,1,1,2,2,1,1835,4711,1050,2,2,10,7,0,1,1,1,0,0,0,5,3814,7350,65,600,72,1,1,2,MDOC2103.pdf,00081292.tif,2014,0,0,0,ORIGINAL,10,10,20006,4096,0471493,047,6,85,0,,Y,2,,2014-409607
42,6,25,MA,6,04,6,LIVE LINING,JEFFREYS LEDGE,7478,25,1800,1121,0803,15,1,1,2,3,7,1730,4671,9996,2,1,4,6,1,0,0,0,0,0,1,3,4255,7010,7,160,57,2,2,2,MAOC1121.pdf,00081795.tif,2014,0,1,0,ORIGINAL,10,18,20014,4223,0090803,009,2,138,0,,Y,2,,2014-422304
42,6,51,VA,6,03,6,6,CIGAR,2836,51,1820,2109,0002,1,1,1,2,1,1,1810,4720,9996,2,2,8,7,0,1,1,1,0,0,0,5,3630,7450,45,300,73,2,2,1,VAOC2109.pdf,00082205.tif,2014,0,0,0,ORIGINAL,10,28,20024,4284,8100002,810,7,281,0,,Y,2,,2014-428403
41,6,36,NY,6,10,6,6,HUDSON CANYON,7466,36,1850,1108,0085,4,1,1,2,1,7,1740,4711,4691,2,2,9,7,0,1,1,1,0,0,0,3,3930,7220,94,1200,73,1,1,1,NYOC1108.pdf,00081560.tif,2014,0,1,0,ORIGINAL,10,13,20009,4139,1030085,103,4,220,0,,Y,2,,2014-413910
43,6,25,MA,6,12,6,6,STELLWAGEN BANK SW,6591,25,1700,2222,0784,8,1,1,2,2,2,1700,4677,4678,2,2,5,3,0,1,0,1,0,0,0,3,4208,7015,12,180,98,1,2,2,MAOC2222.pdf,00082118.tif,2014,0,0,0,ORIGINAL,10,28,20024,4314,0230784,023,2,192,0,,Y,2,,2014-431412
42,6,25,MA,6,02,6,LIVE LINING,CRAB LEDGE,6698,25,1440,1126,0922,10,1,1,2,3,1,1425,4670,9996,2,1,2,5,1,1,0,1,0,0,1,2,4138,6940,8,200,56,1,2,2,MAOC1126.pdf,00081763.tif,2014,0,1,0,ORIGINAL,10,25,20021,4216,0010922,001,2,142,0,,Y,2,,2014-421602
41,6,44,RI,6,02,6,6,BC BUOY,7405,25,1405,1119,0922,10,1,1,2,2,2,1400,4656,9996,2,2,5,8,0,1,1,1,0,0,0,3,4141,6935,13,220,98,1,2,2,MAOC1119.pdf,00081335.tif,2014,0,0,0,ORIGINAL,10,13,20009,4109,0010922,001,2,115,0,,N,2,,2014-410902
41,6,25,MA,6,13,SQUID BARS,6,BC BUOY,7405,25,1620,1119,0922,10,1,1,2,2,1,1615,4656,9996,2,3,4,7,0,1,1,1,0,0,0,1,4141,6935,10,200,56,1,2,2,MAOC1119.pdf,00081348.tif,2014,0,0,0,ORIGINAL,10,13,20009,4109,0010922,001,2,116,0,,Y,2,,2014-410913
43,6,25,MA,6,01,6,DRIFTING,PEAKED HILL,6591,25,1330,2222,0217,8,3,1,2,2,2,1330,4677,4678,2,12,3,5,1,1,0,1,0,0,1,1,4205,7008,1,80,53,1,2,2,MAOC2222.pdf,00082105.tif,2014,1,1,0,ORIGINAL,10,28,20024,4314,0230217,023,2,193,0,,Y,2,,2014-431401
40,6,51,VA,6,01,6,6,NORFOLK CANYON,6633,51,1645,2209,0438,3,3,1,2,3,7,1630,4656,9996,2,2,6,6,0,0,1,1,0,0,0,3,3705,7435,63,3000,72,1,2,1,VAOC2209.pdf,00081132.tif,2014,0,1,0,ORIGINAL,10,06,20002,4058,8100438,810,7,286,0,,Y,2,,2014-405801
43,6,44,RI,6,01,6,6,MUD HOLE,7484,44,1500,1201,0031,12,1,2,1,3,1,1450,330,4677,2,2,5,4,0,0,1,0,0,1,0,8,4100,7120,20,200,63,1,2,2,RIOC1201.pdf,00082158.tif,2014,0,0,0,ORIGINAL,10,12,20008,4328,0090031,009,,270,0,,Y,2,,2014-432801
41,6,25,MA,6,01,6,6,BC BUOY,7282,25,1200,2224,9036,21,1,1,2,1,6,1200,4671,9996,2,2,4,5,0,1,0,1,0,0,0,3,4141,6935,16,240,56,1,2,1,MAOC2224.pdf,00081718.tif,2014,0,1,0,ORIGINAL,10,21,20017,4199,0019036,001,2,197,0,,Y,2,,2014-419901
42,6,25,MA,6,03,6,6,STELLWAGEN BANK SW,6591,25,1545,1110,0784,8,1,1,2,2,2,1545,4677,4678,2,2,3,3,0,1,0,1,0,0,0,3,4210,7015,12,80,55,1,2,1,MAOC1110.pdf,00081783.tif,2014,0,0,0,ORIGINAL,10,25,20021,4222,0230784,023,2,108,0,,N,2,,2014-422203
43,6,25,MA,6,02,6,6,STELLWAGEN BANK SW,6591,25,1400,2213,0784,8,1,1,2,2,2,1400,4677,4678,2,2,2,5,0,1,0,1,0,0,0,2,4208,7015,10,80,55,1,2,2,MAOC2213.pdf,00082194.tif,2014,0,0,0,ORIGINAL,10,31,20027,4339,0230784,023,2,175,0,,N,2,,2014-433902
40,6,25,MA,6,03,6,6,STELLWAGEN BANK SW,6591,25,1600,2103,0784,8,1,1,2,2,2,1600,4677,4678,2,1,2,5,1,0,0,1,0,0,0,3,4210,7015,15,180,98,1,2,2,MAOC2103.pdf,00081162.tif,2014,0,1,0,ORIGINAL,10,06,20002,4066,0230784,023,2,162,0,,Y,2,,2014-406603
43,6,25,MA,6,11,6,DRIFTING,STELLWAGEN BANK SW,6591,25,1600,2222,0784,8,1,1,2,2,2,1600,4677,4678,2,1,4,8,1,1,0,1,0,0,1,2,4208,7015,20,200,55,1,2,2,MAOC2222.pdf,00082117.tif,2014,1,0,0,ORIGINAL,10,28,20024,4314,0230784,023,2,194,0,,Y,2,,2014-431411
41,6,34,NJ,6,09,6,6,BC BUOY,7405,25,1555,1119,0922,10,1,1,2,3,7,1550,4656,9996,2,12,2,10,0,1,0,1,1,1,0,3,4141,6935,14,200,57,1,2,2,MAOC1119.pdf,00081343.tif,2014,0,1,0,ORIGINAL,10,13,20009,4109,0010922,001,2,117,0,,Y,2,,2014-410909
43,6,25,MA,6,05,6,6,STELLWAGEN BANK SW,6591,25,1445,2213,0217,8,3,1,2,2,2,1445,4677,4678,2,12,4,5,0,1,0,1,0,0,0,3,4208,7015,12,200,54,1,2,2,MAOC2213.pdf,00082197.tif,2014,0,1,0,ORIGINAL,10,31,20027,4339,0230217,023,2,176,0,,Y,2,,2014-433905
43,6,51,VA,6,01,6,6,800 LINE,7415,51,1910,2219,0088,3,1,2,1,3,1,1900,4720,9996,2,2,8,7,0,0,1,1,0,0,0,5,9998,9998,50,300,77,1,2,1,VAOC2219.pdf,00082081.tif,2014,0,0,0,ORIGINAL,10,28,20024,4304,8100088,810,7,287,0,,Y,1,,2014-430401
43,6,25,MA,6,01,6,6,EAST CHATHAM,7405,25,1415,2220,0392,4,1,1,2,2,1,1405,4677,4678,2,2,2,3,0,1,0,1,0,0,0,3,4140,6940,10,60,54,1,2,2,MAOC2220.pdf,00082171.tif,2014,0,0,0,ORIGINAL,10,31,20027,4332,0010392,001,2,181,0,,Y,2,,2014-433201
41,6,25,MA,6,14,6,6,EAST OF CHATHAM,7405,25,1625,1119,0922,10,1,1,2,3,1,1620,4656,9996,2,2,4,5,0,1,0,1,0,0,0,2,4140,6955,16,350,58,1,2,1,MAOC1119.pdf,00081349.tif,2014,1,0,0,ORIGINAL,10,13,20009,4109,0010922,001,2,118,0,,Y,2,,2014-410914
41,6,25,MA,6,08,6,,STELLWAGEN BANK,6634,25,1600,1106,0784,8,1,2,1,3,1,1545,4677,4678,2,2,3,6,1,0,0,0,0,0,1,2,4216,7017,11,85,63,2,2,1,MAOC1106.pdf,00081512.tif,2014,0,1,0,ORIGINAL,10,13,20009,4141,0230784,023,2,99,0,,Y,1,,2014-414108
40,6,37,NC,6,04,6,BAILING,POOR MANS CANYON,6936,24,1705,2103,1493,5,1,2,1,3,1,1645,1050,9996,2,12,6,8,0,1,1,1,0,0,1,6,3752,7406,55,600,70,1,2,1,MDOC2103.pdf,00081286.tif,2014,0,0,0,ORIGINAL,10,10,20006,4096,0471493,047,6,86,0,,Y,1,,2014-409604
41,6,44,RI,6,01,6,JIGGING,BC BUOY,7405,25,1305,1119,0922,10,1,2,1,3,7,1300,4656,9996,2,2,3,5,0,1,0,0,0,0,1,3,4141,6935,12,200,64,1,2,1,MAOC1119.pdf,00081333.tif,2014,0,1,0,ORIGINAL,10,13,20009,4109,0010922,001,2,119,0,,Y,2,,2014-410901
40,6,10,DE,6,05,6,6,BALTIMORE CANYON,6783,10,1730,2203,1599,2,1,1,2,2,1,1717,1050,4656,2,2,5,6,0,1,1,1,0,1,0,5,3814,7350,60,600,71,1,1,1,DEOC2203.pdf,00081242.tif,2014,0,0,0,ORIGINAL,10,10,20006,4085,0051599,005,6,73,0,,N,2,,2014-408505
41,6,09,CT,6,01,SHORT SHANK,LIVE LINE,STELLWAGEN BANK,6698,25,1500,1120,0279,18,3,1,2,2,1,1450,4676,7777,2,23,2,5,1,0,0,0,0,1,1,3,4210,7013,8,170,60,1,2,1,MAOC1120.pdf,00081441.tif,2014,1,1,0,ORIGINAL,10,13,20009,4128,0010279,001,2,131,0,,Y,2,,2014-412801
40,6,25,MA,6,02,6,6,STELLWAGEN BANK SW,6591,25,1500,2104,9038,9,1,2,1,3,2,1500,4671,4678,2,12,3,6,1,0,0,1,0,0,0,3,4210,7015,15,90,60,1,1,1,MAOC2104.pdf,00081254.tif,2014,0,0,0,ORIGINAL,10,10,20006,4086,0239038,023,2,166,0,,Y,2,,2014-408602
42,6,25,MA,6,03,6,,BC BUOY,6698,25,1600,1126,0922,10,3,1,2,1,6,1545,4671,9996,2,1,2,6,1,0,0,0,0,0,1,4,4141,6935,14,250,59,1,1,2,MAOC1126.pdf,00081764.tif,2014,0,0,0,ORIGINAL,10,25,20021,4216,0010922,001,2,143,0,,Y,2,,2014-421603
40,6,25,MA,6,06,6,6,STELLWAGEN BANK SW,6591,25,1730,2103,0218,8,1,1,2,1,2,1730,4671,9996,2,1,5,8,1,0,0,1,0,0,0,2,4210,7015,12,180,58,1,2,2,MAOC2103.pdf,00081165.tif,2014,0,0,0,ORIGINAL,10,06,20002,4066,0230218,023,2,163,0,,Y,2,,2014-406606
42,6,25,MA,6,05,6,DRIFTING,PEAKED HILL,6591,25,1615,1110,0218,8,1,1,2,1,2,1615,4671,9996,2,1,5,8,1,0,0,1,0,0,1,2,4205,7008,3,180,56,1,2,1,MAOC1110.pdf,00081786.tif,2014,0,0,0,ORIGINAL,10,25,20021,4222,0230218,023,2,109,0,,Y,2,,2014-422205
43,6,25,MA,6,06,6,DRIFTING,PEAKED HILL,6591,25,1500,2213,0218,8,1,1,2,1,2,1500,4671,9996,2,2,3,8,1,0,1,1,0,0,1,2,4205,7008,2,160,54,1,2,2,MAOC2213.pdf,00082198.tif,2014,0,0,0,ORIGINAL,10,31,20027,4339,0230218,023,2,177,0,,Y,2,,2014-433906
41,6,36,NY,6,01,6,,ELBOW,7466,36,1555,1107,0372,4,1,1,2,2,1,1530,4681,9996,2,1,4,6,0,1,1,1,0,0,1,3,9998,9998,2,36,67,1,2,1,NYOC1107.pdf,00081488.tif,2014,1,0,0,ORIGINAL,10,12,20008,4138,1030372,103,4,214,0,,Y,2,,2014-413801
40,6,10,DE,6,07,6,6,BALTIMORE CANYON,6783,10,1748,2203,1599,2,1,1,2,2,1,1735,1050,9996,2,12,9,7,0,1,1,1,0,0,0,3,3814,7350,64,600,72,1,2,1,DEOC2203.pdf,00081246.tif,2014,0,0,0,ORIGINAL,10,10,20006,4085,0051599,005,6,74,0,,Y,1,,2014-408507
41,6,33,NH,6,02,6,6,JEFFREYS LEDGE,7534,33,1705,1202,0099,2,1,1,2,3,1,1615,4671,9996,2,12,3,8,1,0,0,0,1,0,0,2,4255,7010,15,240,56,1,2,2,NHOC1202.pdf,00081388.tif,2014,0,1,0,ORIGINAL,10,12,20008,4115,0150099,015,1,202,0,,Y,2,,2014-411502
43,6,25,MA,6,03,6,DRIFTING,STELLWAGEN BANK SW,6591,25,1415,2213,0784,8,1,1,2,1,2,1415,4671,9996,2,2,2,5,1,0,0,1,0,0,1,3,4208,7015,18,150,54,1,2,2,MAOC2213.pdf,00082195.tif,2014,0,0,0,ORIGINAL,10,31,20027,4339,0230784,023,2,178,0,,Y,2,,2014-433903
41,6,09,CT,6,12,6,6,CRAB LEDGE,7405,25,1615,1119,0922,10,1,1,2,2,2,1610,4656,9996,2,1,2,4,0,0,1,0,0,1,0,2,4138,6940,8,200,58,1,2,2,MAOC1119.pdf,00081347.tif,2014,0,0,0,ORIGINAL,10,13,20009,4109,0010922,001,2,120,0,,N,2,,2014-410912
40,6,25,MA,6,04,6,6,WILDCAT,6591,25,1700,2104,9038,9,1,2,1,3,2,1700,3531,4811,2,2,3,7,0,0,1,1,0,0,0,1,9998,9998,12,400,57,2,2,1,MAOC2104.pdf,00081258.tif,2014,0,0,0,ORIGINAL,10,10,20006,4086,0239038,023,2,167,0,,N,2,,2014-408604
40,6,34,NJ,6,02,6,6,NORFOLK CANYON,7415,51,1900,2201,1832,3,1,1,2,3,1,1850,2161,2171,2,1,8,11,0,0,1,1,0,0,0,5,3705,7435,75,630,74,1,2,1,VAOC2201.pdf,00081085.tif,2014,1,1,0,ORIGINAL,10,01,19997,4044,8101832,810,7,283,0,,Y,2,,2014-404402
43,6,25,MA,6,03,6,DRIFTING,EAST CHATHAM,7405,25,1635,2220,0392,4,1,2,2,3,6,1630,4671,9996,2,12,3,5,1,0,0,0,0,0,1,2,4140,6940,20,200,57,2,2,2,MAOC2220.pdf,00082173.tif,2014,0,1,0,ORIGINAL,10,31,20027,4332,0010392,001,2,182,0,,Y,2,,2014-433203
41,6,25,MA,6,11,6,JIGGING,CRAB LEDGE,7405,25,1610,1119,0922,10,1,1,2,2,1,1600,4656,9996,2,2,2,7,0,1,0,0,0,0,1,2,4138,6940,7,190,98,2,2,2,MAOC1119.pdf,00081346.tif,2014,0,0,0,ORIGINAL,10,13,20009,4109,0010922,001,2,121,0,,Y,2,,2014-410911
43,6,25,MA,6,09,6,DRIFTING AND CASTING,NW STELLWAGEN,6591,25,1530,2222,0784,8,1,1,2,1,2,1530,4671,9996,2,2,1,2,0,1,0,1,0,0,1,2,9998,9998,10,100,56,1,2,2,MAOC2222.pdf,00082115.tif,2014,0,0,0,ORIGINAL,10,28,20024,4314,0230784,023,2,195,0,,Y,2,,2014-431409
40,6,36,NY,6,01,6,6,FISH TALES,7512,36,1602,2202,0624,1,1,1,2,2,2,1430,4711,4691,2,2,3,10,0,0,1,1,0,0,0,3,4000,7120,997,1100,71,1,1,1,NYOC2202.pdf,00081147.tif,2014,1,1,0,ORIGINAL,10,07,20003,4062,0590624,059,4,239,0,,Y,2,,2014-406201
42,6,25,MA,6,01,6,CASTING,BC BUOY REGAL,6698,25,1425,1126,0922,10,3,1,2,1,1,1415,4670,9996,2,1,3,6,0,1,0,0,0,0,1,3,4141,6935,24,160,58,2,2,2,MAOC1126.pdf,00081762.tif,2014,0,1,0,ORIGINAL,10,25,20021,4216,0010922,001,2,144,0,,Y,2,,2014-421601
40,6,36,NY,6,03,6,FLIES,MONTAUK POINT,7466,36,1700,2205,0135,4,1,2,1,3,7,1655,4681,9996,2,2,3,7,0,1,0,0,0,0,1,3,9998,9998,1,35,65,1,2,1,NYOC2205.pdf,00081213.tif,2014,0,1,0,ORIGINAL,10,09,20005,4079,1030135,103,4,241,0,,Y,2,,2014-407903
41,6,44,RI,6,02,6,LIVE LINING,STELLWAGEN S,6634,25,1330,1106,0217,8,3,1,2,3,1,1320,4671,9996,2,2,4,6,1,0,0,0,0,0,1,3,4210,7015,7,150,57,1,2,2,MAOC1106.pdf,00081505.tif,2014,1,0,0,ORIGINAL,10,13,20009,4141,0230217,023,2,100,0,,Y,2,,2014-414102
43,6,44,RI,6,04,6,DRIFTING,STELLWAGEN BANK SW,6591,25,1430,2213,0217,8,3,2,1,3,2,1430,4671,4678,2,2,2,5,1,1,0,1,0,0,1,3,4208,7015,7,80,52,1,2,2,MAOC2213.pdf,00082196.tif,2014,0,1,0,ORIGINAL,10,31,20027,4339,0230217,023,2,179,0,,Y,2,,2014-433904
40,6,10,DE,6,02,6,6,BALTIMORE CANYON,6783,10,1658,2203,1599,2,1,1,2,2,1,1650,1050,9996,2,12,6,6,0,1,1,1,0,1,0,4,3814,7350,57,600,70,1,2,1,DEOC2203.pdf,00081236.tif,2014,0,0,0,ORIGINAL,10,10,20006,4085,0051599,005,6,75,0,,Y,1,,2014-408502
41,6,33,NH,6,02,6,6,OUTER FLAG,6583,33,1811,1201,1970,1,4,1,2,1,2,1802,4671,9996,2,2,3,9,1,1,0,0,1,0,0,3,4252,7030,8,240,98,1,2,2,NHOC1201.pdf,00081456.tif,2014,1,0,0,ORIGINAL,10,12,20008,4131,0151970,015,1,199,0,,Y,2,,2014-413102
41,6,34,NJ,6,01,6,6,HUDSON EAST WALL,6013,34,1300,2206,1037,6,1,2,2,3,2,1130,4711,4691,2,12,9,30,1,1,1,1,0,1,0,4,3930,7220,80,500,71,1,1,1,NJOC2206.pdf,00081479.tif,2014,0,0,0,ORIGINAL,10,14,20010,4136,0251037,025,5,207,0,,Y,2,,2014-413601
41,6,25,MA,6,15,6,6,REGAL SWORD,7405,25,1705,1119,0922,10,1,1,2,2,1,1700,4656,9996,2,2,5,8,0,1,0,1,0,0,0,4,4128,6921,30,300,56,1,2,2,MAOC1119.pdf,00081351.tif,2014,0,0,0,ORIGINAL,10,13,20009,4109,0010922,001,2,122,0,,Y,2,,2014-410915
40,6,10,DE,6,04,6,6,BALTIMORE CANYON,6783,10,1716,2203,1599,2,1,1,2,2,1,1704,7777,9996,2,2,7,7,0,1,1,1,1,1,0,5,3814,7350,78,900,70,2,2,1,DEOC2203.pdf,00081240.tif,2014,0,0,0,ORIGINAL,10,10,20006,4085,0051599,005,6,76,0,,Y,1,,2014-408504
40,6,25,MA,6,02,6,LIVE LINING,STELLWAGEN BANK,6583,25,1825,2201,0024,15,1,1,2,1,1,1815,4671,9996,2,1,2,11,1,0,0,0,0,0,1,1,4225,7025,13,155,59,2,2,1,MAOC2201.pdf,00081140.tif,2014,0,0,0,ORIGINAL,10,06,20002,4061,0090024,009,2,170,0,,Y,2,,2014-406102
41,6,25,MA,6,04,6,6,EAST CHATHAM,7405,25,1455,1119,0922,10,1,2,1,3,1,1450,4656,9996,2,2,4,5,0,0,1,1,0,0,0,4,4140,6955,8,170,98,2,2,1,MAOC1119.pdf,00081337.tif,2014,0,0,0,ORIGINAL,10,13,20009,4109,0010922,001,2,123,0,,Y,2,,2014-410904
41,6,25,MA,6,08,6,LIVE LINING,JEFFREYS LEDGE,6583,25,1833,1205,0024,15,1,2,1,1,1,1831,4671,9996,2,1,3,10,1,0,0,0,1,0,1,7,4242,7020,10,150,58,2,2,1,MAOC1205.pdf,00081369.tif,2014,0,1,0,ORIGINAL,10,13,20009,4110,0090024,009,2,153,1,Q23;,Y,2,,2014-411008
41,6,25,MA,6,07,6,6,STELLWAGEN BANK,6634,25,1535,1106,0218,8,1,1,2,2,1,1510,4677,4678,2,2,2,6,0,1,0,1,0,0,0,2,4210,7015,10,200,57,1,2,2,MAOC1106.pdf,00081511.tif,2014,1,1,0,ORIGINAL,10,13,20009,4141,0230218,023,2,101,0,,Y,2,,2014-414107
41,6,25,MA,6,07,6,6,EAST CHATHAM,7405,25,1525,1119,0922,10,1,1,2,2,6,1520,4670,9996,2,7,6,4,0,1,0,1,0,0,0,4,4140,6955,2,100,59,2,1,2,MAOC1119.pdf,00081341.tif,2014,0,1,0,ORIGINAL,10,13,20009,4109,0010922,001,2,124,0,,Y,2,,2014-410907
41,6,25,MA,6,02,6,6,GOLF BALL,6698,25,1525,1120,0279,18,3,1,2,2,2,1510,4676,9996,2,2,5,6,0,1,1,1,0,0,0,1,9998,9998,4,210,57,1,2,2,MAOC1120.pdf,00081443.tif,2014,0,0,0,ORIGINAL,10,13,20009,4128,0010279,001,2,132,0,,Y,2,,2014-412802
41,6,33,NH,6,01,6,6,INSIDE FLAG,7534,33,1630,1202,0099,2,1,1,2,2,1,1600,4671,9996,2,1,2,4,1,0,0,0,0,1,0,1,9998,9998,14,200,58,2,2,1,NHOC1202.pdf,00081386.tif,2014,0,1,0,ORIGINAL,10,12,20008,4115,0150099,015,1,203,0,,Y,2,,2014-411501
41,6,09,CT,6,06,6,JIGGING,CRAB LEDGE,7405,25,1515,1119,0922,10,1,1,2,2,1,1510,4656,9996,2,2,4,6,0,1,0,0,0,0,1,4,4138,6940,20,260,58,1,2,2,MAOC1119.pdf,00081340.tif,2014,0,0,0,ORIGINAL,10,13,20009,4109,0010922,001,2,125,0,,Y,2,,2014-410906
40,6,10,DE,6,06,6,6,POOR MANS CANYON,6783,10,1726,2203,1599,2,1,1,2,2,1,1721,1050,9996,2,2,5,8,0,1,1,1,0,0,0,4,3752,7406,62,350,66,1,2,1,DEOC2203.pdf,00081244.tif,2014,0,1,0,ORIGINAL,10,10,20006,4085,0051599,005,6,77,0,,Y,1,,2014-408506
41,6,37,NC,6,01,6,LIVE LINING,SOUTH JEFFERY,7478,25,1800,1114,0803,15,1,2,1,3,7,1730,4671,9996,2,2,3,14,1,0,0,0,0,0,1,2,4255,7010,6,150,57,2,2,1,MAOC1114.pdf,00081516.tif,2014,0,1,0,ORIGINAL,10,11,20007,4142,0090803,009,2,111,0,,Y,2,,2014-414201
40,6,25,MA,6,01,6,6,BC BUOY,7405,25,1435,2203,0393,5,1,1,2,2,1,1430,4656,9996,2,2,5,4,0,1,0,1,0,0,0,2,4141,6935,20,250,98,1,2,1,MAOC2203.pdf,00081196.tif,2014,0,1,0,ORIGINAL,10,09,20005,4076,0010393,001,2,171,0,,Y,2,,2014-407601
40,6,10,DE,6,02,6,6,WILMINGTON CANYON,6447,24,1821,2209,0853,3,1,2,1,3,1,1815,1050,4656,2,1,12,7,0,0,1,1,0,0,0,6,3824,7327,65,6000,70,2,2,1,MDOC2209.pdf,00081303.tif,2014,0,0,0,ORIGINAL,10,10,20006,4099,0470853,047,6,95,0,,Y,1,,2014-409902
40,6,24,MD,6,01,6,BAILING,WASHINGTON CANYON,6936,24,1645,2101,1493,5,1,2,2,3,1,1630,1050,9996,2,1,4,8,0,1,1,1,0,0,1,10,3727,7427,62,600,69,1,2,1,MDOC2101.pdf,00081093.tif,2014,0,0,0,ORIGINAL,10,06,20002,4047,0471493,047,6,80,1,Q23;Q23;,Y,1,,2014-404701
40,6,24,MD,6,01,6,BAILING,POOR MANS CANYON,6936,24,1600,2103,1493,5,1,2,1,3,1,1500,1050,9996,2,1,4,7,0,0,1,1,0,0,1,4,3752,7406,55,600,68,1,2,1,MDOC2103.pdf,00081280.tif,2014,0,1,0,ORIGINAL,10,10,20006,4096,0471493,047,6,87,0,,Y,2,,2014-409601
41,6,25,MA,6,04,6,6,EAST OF STELLWAGEN,6634,25,1440,1106,0217,8,3,1,2,2,1,1430,4677,4678,2,2,6,6,0,1,0,1,0,0,0,2,9998,9998,30,600,60,1,2,2,MAOC1106.pdf,00081507.tif,2014,0,0,0,ORIGINAL,10,13,20009,4141,0230217,023,2,102,0,,Y,2,,2014-414104
41,6,25,MA,6,16,SQUID BARS,6,BC BUOY,7405,25,1720,1119,0922,10,1,1,2,2,1,1715,4656,9996,2,23,7,10,0,1,1,1,0,0,0,3,4141,6935,20,315,57,1,2,2,MAOC1119.pdf,00081352.tif,2014,0,1,0,ORIGINAL,10,13,20009,4109,0010922,001,2,126,0,,Y,2,,2014-410916
41,6,25,MA,6,01,6,6,STELLWAGEN BANK,6634,25,1320,1106,0217,8,3,1,2,1,6,1310,4671,9996,2,1,2,6,0,1,0,1,0,0,0,2,4216,7017,17,120,98,1,2,2,MAOC1106.pdf,00081504.tif,2014,1,0,0,ORIGINAL,10,13,20009,4141,0230217,023,2,103,0,,Y,2,,2014-414101
43,6,33,NH,6,01,6,DRIFTING,PEAKED HILL,6591,25,1345,2213,0217,8,3,1,2,2,2,1345,4677,4678,2,1,3,6,1,1,0,1,0,0,1,3,4205,7008,5,140,54,2,2,2,MAOC2213.pdf,00082193.tif,2014,0,0,0,ORIGINAL,10,31,20027,4339,0230217,023,2,180,0,,Y,2,,2014-433901
42,6,36,NY,6,01,6,6,MONTAUK POINT,7466,36,1445,2218,0123,4,1,2,1,3,6,1230,4681,9996,2,2,2,5,0,1,0,1,0,0,0,5,9998,9998,2,40,59,1,2,1,NYOC2218.pdf,00081932.tif,2014,0,1,0,ORIGINAL,10,27,20023,4258,1030123,103,4,268,0,,Y,2,,2014-425801
41,6,25,MA,6,03,6,6,CRAB LEDGE,7405,25,1450,1119,0922,10,1,1,2,2,1,1440,4656,9996,2,2,4,3,0,1,0,1,0,1,0,2,4138,6940,10,400,98,1,2,2,MAOC1119.pdf,00081336.tif,2014,0,0,0,ORIGINAL,10,13,20009,4109,0010922,001,2,127,0,,Y,2,,2014-410903
41,6,33,NH,6,01,6,6,JEFFERYS LEDGS,6583,33,1729,1201,0003,1,3,1,2,1,2,1722,4671,9996,2,1,2,10,1,0,0,0,1,0,0,3,4255,7010,9,300,98,1,2,1,NHOC1201.pdf,00081454.tif,2014,0,1,0,ORIGINAL,10,12,20008,4131,0150003,015,1,200,0,,N,2,,2014-413101
41,6,33,NH,6,01,6,LIVE LINING,JEFFREYS LEDGE,6583,33,1818,2102,0088,1,1,1,2,1,1,1810,4671,9996,2,1,2,7,1,0,0,0,0,0,1,2,4255,7010,30,250,98,1,2,1,NHOC2102.pdf,00081694.tif,2014,0,1,0,ORIGINAL,10,20,20016,4192,0150088,015,1,204,0,,N,2,,2014-419201
41,6,36,NY,6,05,6,FLIES,RIPS,7466,36,1805,2201,0037,4,1,2,1,4,6,1700,4681,9996,2,1,2,9,0,1,0,0,0,0,1,2,9998,9998,1,20,66,1,2,1,NYOC2201.pdf,00081430.tif,2014,0,1,0,ORIGINAL,10,10,20006,4125,1030037,103,4,238,1,Q26;,N,2,,2014-412505
41,6,36,NY,6,06,6,METAL LURES,ELBOW,7466,36,1820,2201,0037,4,1,1,2,4,6,1745,4681,9996,2,2,2,5,0,1,0,0,0,0,1,2,9998,9998,1,45,98,1,2,1,NYOC2201.pdf,00081432.tif,2014,0,1,0,ORIGINAL,10,10,20006,4125,1030037,103,4,237,0,,N,2,,2014-412506
40,6,36,NY,6,04,6,FLIES,MONTAUK POINT,7466,36,1820,2205,0085,4,1,2,1,4,6,1800,4681,9996,2,2,3,5,0,1,0,0,0,0,1,3,9998,9998,1,25,63,1,2,1,NYOC2205.pdf,00081215.tif,2014,0,1,0,ORIGINAL,10,09,20005,4079,1030085,103,4,243,0,,N,2,,2014-407904
41,6,36,NY,6,05,BARBLESS,FLY FISHING,RIPS,7466,36,1610,1108,0085,4,1,2,1,4,6,1515,4681,9996,2,23,2,6,0,1,0,0,0,0,1,2,9998,9998,1,20,65,1,2,1,NYOC1108.pdf,00081550.tif,2014,0,0,0,ORIGINAL,10,13,20009,4139,1030085,103,4,225,1,Q26;,N,2,,2014-413905
41,6,36,NY,6,09,6,PLASTIC AND METAL,RIPS RIGHT OFF MONTAUK PO,7466,36,1900,1108,0085,4,1,1,2,4,6,1730,4681,9996,2,2,3,4,0,1,0,0,0,0,1,2,9998,9998,1,19,62,1,2,1,NYOC1108.pdf,00081558.tif,2014,0,1,0,ORIGINAL,10,13,20009,4139,1030085,103,4,223,1,Q26;,N,2,,2014-413909
42,6,36,NY,6,03,6,FLIES AND SPINNERS,MONTAUK POINT,7466,36,1720,1110,0085,4,1,1,2,4,6,1600,4681,9996,2,2,2,5,0,1,0,0,0,0,1,3,9998,9998,1,35,98,1,2,2,NYOC1110.pdf,00081892.tif,2014,0,0,0,ORIGINAL,10,25,20021,4253,1030085,103,4,230,0,,N,2,,2014-425303
42,6,36,NY,6,04,6,SPINNERS,MONTAUK POINT,7466,36,1730,1110,0085,4,1,2,1,4,6,1515,4681,9996,2,2,2,3,0,1,0,0,0,0,1,2,9998,9998,1,30,60,1,2,1,NYOC1110.pdf,00081893.tif,2014,0,0,0,ORIGINAL,10,25,20021,4253,1030085,103,4,231,0,,N,2,,2014-425304
40,6,10,DE,6,01,6,FLIES,MONTAUK POINT,7466,36,1645,2205,0133,4,1,1,2,4,6,1630,4681,9996,2,2,2,8,0,1,0,0,0,0,1,2,9998,9998,1,27,63,1,2,1,NYOC2205.pdf,00081209.tif,2014,0,1,0,ORIGINAL,10,09,20005,4079,1030133,103,4,242,0,,N,2,,2014-407901
42,6,36,NY,6,01,6,FLIES,MONTAUK POINT,7466,36,1745,2207,0133,4,1,1,2,4,6,1615,4681,9996,2,2,2,8,0,1,0,0,0,0,1,2,9998,9998,1,33,62,1,2,1,NYOC2207.pdf,00081904.tif,2014,0,0,0,ORIGINAL,10,20,20016,4255,1030133,103,4,245,0,,N,2,,2014-425501
42,6,36,NY,6,03,6,FLIES,MONTAUK POINT,7466,36,1710,2214,0133,4,1,2,1,4,6,1700,4681,9996,2,2,2,7,0,1,0,0,0,0,1,2,9998,9998,1,30,60,1,2,1,NYOC2214.pdf,00081947.tif,2014,0,0,0,ORIGINAL,10,24,20020,4257,1030133,103,4,266,0,,N,2,,2014-425703
42,6,36,NY,6,04,6,FLIES,MONTAUK POINT,7466,36,1715,2214,0133,4,1,1,2,4,6,1630,4681,9996,2,2,3,8,0,1,0,1,0,0,1,3,9998,9998,1,30,98,1,2,1,NYOC2214.pdf,00081949.tif,2014,0,1,0,ORIGINAL,10,24,20020,4257,1030133,103,4,265,0,,N,2,,2014-425704
40,6,10,DE,6,02,6,FLIES,MONTAUK POINT,7466,36,1650,2205,0135,4,1,2,1,4,6,1630,4681,9996,2,2,2,6,0,1,0,0,0,0,1,2,9998,9998,1,25,63,1,2,1,NYOC2205.pdf,00081211.tif,2014,0,1,0,ORIGINAL,10,09,20005,4079,1030135,103,4,244,0,,N,2,,2014-407902
40,6,10,DE,6,01,6,FLIES,MONTAUK POINT,7466,36,1635,2208,0135,4,1,2,1,4,6,1600,4681,9996,2,2,2,6,0,1,0,0,0,0,1,2,9998,9998,1,25,63,1,2,1,NYOC2208.pdf,00081221.tif,2014,0,1,0,ORIGINAL,10,08,20004,4080,1030135,103,4,250,0,,N,2,,2014-408001
41,6,36,NY,6,02,6,FLIES,RIPS,7466,36,1730,2201,0135,4,1,1,2,4,6,1645,4681,9996,2,2,2,6,0,1,0,0,0,0,1,2,9998,9998,1,25,64,1,2,1,NYOC2201.pdf,00081424.tif,2014,0,1,0,ORIGINAL,10,10,20006,4125,1030135,103,4,234,0,,N,2,,2014-412502
41,6,36,NY,6,03,6,FLIES,RIPS,7466,36,1745,2201,0135,4,1,2,1,4,6,1700,4681,9996,2,12,2,8,0,1,0,0,0,0,1,2,9998,9998,1,40,61,1,2,1,NYOC2201.pdf,00081426.tif,2014,0,1,0,ORIGINAL,10,10,20006,4125,1030135,103,4,235,0,,N,2,,2014-412503
41,6,36,NY,6,04,6,FLIES,RIPS OFF LIGHTHOUSE,7466,36,1755,2201,0135,4,1,2,1,4,6,1725,4681,9996,2,2,2,4,0,1,0,0,0,0,1,2,9998,9998,1,25,64,1,2,1,NYOC2201.pdf,00081428.tif,2014,0,1,0,ORIGINAL,10,10,20006,4125,1030135,103,4,236,0,,N,2,,2014-412504
41,6,36,NY,6,05,6,FLY FISHING,RIPS,7466,36,1730,1107,0135,4,1,2,1,4,6,1705,4681,9996,2,2,2,8,0,1,0,1,0,0,1,2,9998,9998,1,50,62,1,2,1,NYOC1107.pdf,00081496.tif,2014,0,1,0,ORIGINAL,10,12,20008,4138,1030135,103,4,216,0,,N,2,,2014-413805
41,6,36,NY,6,03,6,FLY FISHING,ELBOW,7466,36,1525,1108,0135,4,1,1,2,4,6,1400,4681,9996,2,2,3,6,1,1,0,0,0,0,1,5,9998,9998,1,45,98,1,2,1,NYOC1108.pdf,00081546.tif,2014,0,0,0,ORIGINAL,10,13,20009,4139,1030135,103,4,224,0,,N,2,,2014-413903
41,6,34,NJ,6,01,6,FLIES AND LURES,ELBOW,7466,36,1605,2210,0135,4,1,2,1,4,6,1600,4681,9996,2,2,2,8,0,1,0,0,0,0,1,2,9998,9998,2,25,63,1,2,1,NYOC2210.pdf,00081637.tif,2014,0,1,0,ORIGINAL,10,17,20013,4173,1030135,103,4,255,0,,N,2,,2014-417301
41,6,10,DE,6,03,6,FLIES,GARDINERS BAY,7466,36,1730,2210,0135,4,1,2,1,4,6,1615,4681,9996,2,2,1,8,0,1,0,0,0,0,1,1,9998,9998,7,50,63,1,2,1,NYOC2210.pdf,00081641.tif,2014,0,1,0,ORIGINAL,10,17,20013,4173,1030135,103,4,256,0,,N,2,,2014-417303
42,6,36,NY,6,05,6,SPINNERS,MONTAUK POINT,7466,36,1520,1110,0135,4,1,2,1,4,6,1200,4681,9996,2,2,3,4,0,1,0,0,0,0,1,3,9998,9998,1,30,98,1,2,2,NYOC1110.pdf,00081895.tif,2014,1,0,0,ORIGINAL,10,25,20021,4253,1030135,103,4,232,0,,N,2,,2014-425305
41,6,36,NY,6,02,6,FLY FISHING SPINNING,ELBOW,7466,36,1615,1107,0372,4,1,2,1,4,6,1600,4681,9996,2,2,3,6,0,1,0,0,0,0,1,3,9998,9998,1,18,62,1,2,1,NYOC1107.pdf,00081490.tif,2014,0,0,0,ORIGINAL,10,12,20008,4138,1030372,103,4,215,1,Q26;,N,2,,2014-413802
41,6,36,NY,6,01,6,FLY FISHING,ELBOW,7466,36,1240,1108,0372,4,1,2,1,4,6,1200,4681,9996,2,2,2,5,0,1,0,0,0,0,1,2,9998,9998,1,30,61,1,2,1,NYOC1108.pdf,00081542.tif,2014,0,0,0,ORIGINAL,10,13,20009,4139,1030372,103,4,227,0,,N,2,,2014-413901
41,6,36,NY,6,02,6,FLY FISHING,RIPS,7466,36,1250,1108,0372,4,1,2,1,4,6,1230,4681,9996,2,2,2,5,0,1,0,0,0,0,1,4,9998,9998,1,20,63,1,2,1,NYOC1108.pdf,00081544.tif,2014,0,0,0,ORIGINAL,10,13,20009,4139,1030372,103,4,221,1,Q26;,N,2,,2014-413902
41,6,10,DE,6,04,6,CASTING,RIPS,7466,36,1540,1108,0372,4,1,2,1,4,6,1430,4681,9996,2,2,1,6,0,1,0,0,0,0,1,1,9998,9998,1,20,61,1,2,1,NYOC1108.pdf,00081548.tif,2014,0,0,0,ORIGINAL,10,13,20009,4139,1030372,103,4,226,1,Q26;,N,2,,2014-413904
41,6,36,NY,6,06,6,PLAST TUBE METAL LUR,RIPS AND ELBOW,7466,36,1620,1108,0372,4,1,1,2,4,6,1600,4681,9996,2,2,1,5,0,1,0,1,0,0,1,1,9998,9998,1,20,62,1,2,1,NYOC1108.pdf,00081552.tif,2014,0,0,0,ORIGINAL,10,13,20009,4139,1030372,103,4,222,1,Q26;,N,2,,2014-413906
42,6,36,NY,6,02,6,DRIFTING AND CASTING,ELBOW,7466,36,1755,2207,0372,4,1,2,1,4,6,1745,4681,9996,2,2,3,9,1,1,0,0,0,0,1,3,9998,9998,2,40,62,1,2,1,NYOC2207.pdf,00081906.tif,2014,0,0,0,ORIGINAL,10,20,20016,4255,1030372,103,4,246,0,,N,2,,2014-425502
42,6,34,NJ,6,02,6,FLIES AND SPINNERS,MONTAUK POINT,7466,36,1820,2218,0372,4,1,1,2,4,6,1815,4681,9996,2,12,2,4,0,1,0,0,0,0,1,2,9998,9998,2,50,57,1,2,1,NYOC2218.pdf,00081934.tif,2014,0,0,0,ORIGINAL,10,27,20023,4258,1030372,103,4,269,0,,N,2,,2014-425802
42,6,36,NY,6,01,6,FLIES,MONTAUK POINT,7466,36,1735,2209,0372,4,1,1,2,4,6,1725,4681,9996,2,2,1,5,0,1,0,0,0,0,1,1,9998,9998,1,11,98,1,2,2,NYOC2209.pdf,00082025.tif,2014,0,1,0,ORIGINAL,10,28,20024,4286,1030372,103,4,251,1,Q26;,N,2,,2014-428601
42,6,36,NY,6,02,6,FLIES,MONTAUK POINT,7466,36,1745,2209,0372,4,1,1,2,4,6,1740,4681,9996,2,2,2,6,0,1,0,0,0,0,1,2,9998,9998,1,20,60,1,2,1,NYOC2209.pdf,00082026.tif,2014,1,0,0,ORIGINAL,10,28,20024,4286,1030372,103,4,252,1,Q26;,N,2,,2014-428602
41,6,36,NY,6,05,6,FLIES AND METAL,ELBOW,7466,36,1805,2210,0123,4,1,2,1,7,7,1200,4681,9996,2,2,2,4,0,1,0,0,0,0,1,2,9998,9998,1,25,62,1,2,1,NYOC2210.pdf,00081645.tif,2014,0,1,0,ORIGINAL,10,17,20013,4173,1030123,103,4,258,1,Q15;,N,2,,2014-417305
41,6,36,NY,6,02,6,FLIES AND METAL,GARDINERS BAY,7466,36,1707,2210,0133,4,1,2,1,3,7,1700,4681,9996,2,2,1,9,0,1,0,0,0,0,1,1,9998,9998,10,50,59,1,2,1,NYOC2210.pdf,00081639.tif,2014,0,1,0,ORIGINAL,10,17,20013,4173,1030133,103,4,257,0,,N,2,,2014-417302
42,6,12,FL,6,03,6,FLIES,ELBOW,7466,36,1735,2212,0372,4,1,1,2,7,7,1725,4681,9996,2,1,2,4,0,1,0,0,0,0,1,2,9998,9998,1,42,64,1,1,1,NYOC2212.pdf,00081922.tif,2014,0,1,0,ORIGINAL,10,21,20017,4256,1030372,103,4,259,0,,N,2,,2014-425603
40,6,12,FL,6,01,6,6,POOR MANS CANYON,6936,24,1730,2201,1493,5,1,2,1,3,6,1715,1050,4711,2,1,8,8,0,1,1,1,0,0,0,5,3752,7406,55,600,72,1,1,1,MDOC2201.pdf,00081039.tif,2014,0,1,0,ORIGINAL,10,03,19999,4031,0471493,047,6,89,0,,N,1,,2014-403101
40,6,12,FL,6,02,6,6,WASHINGTON CANYON,6936,24,1700,2101,1493,5,1,1,2,2,6,1650,4711,9996,2,12,10,9,0,1,1,1,0,0,0,4,3727,7427,70,600,70,1,1,2,MDOC2101.pdf,00081095.tif,2014,0,1,0,ORIGINAL,10,06,20002,4047,0471493,047,6,81,0,,N,2,,2014-404702
40,6,12,FL,6,03,6,BAILING,POOR MANS CANYON,6936,24,1645,2103,1493,5,1,1,2,2,6,1615,1050,9996,2,12,6,8,0,0,1,1,0,0,1,3,3752,7406,60,600,71,1,1,1,MDOC2103.pdf,00081284.tif,2014,0,1,0,ORIGINAL,10,10,20006,4096,0471493,047,6,88,0,,N,1,,2014-409603
40,6,25,MA,6,01,6,BALLOONS,SW CCRNER,6698,25,1659,2101,0279,18,2,1,2,1,6,1654,4671,9996,2,1,2,8,1,0,0,0,0,0,1,2,4210,7015,6,120,60,1,2,2,MAOC2101.pdf,00081168.tif,2014,0,1,0,ORIGINAL,10,06,20002,4060,0010279,001,2,157,0,,N,2,,2014-406001
43,6,25,MA,6,02,6,JIGGING,EAST CHATHAM,7405,25,1420,2220,0392,4,1,1,2,2,6,1410,4677,4678,2,2,2,4,0,1,0,0,0,0,1,2,4140,6940,30,300,98,1,2,2,MAOC2220.pdf,00082172.tif,2014,0,1,0,ORIGINAL,10,31,20027,4332,0010392,001,2,183,0,,N,2,,2014-433202
41,6,25,MA,6,05,6,6,EAST OF CHATHAM,7405,25,1500,1119,0922,10,1,1,2,3,6,1445,4656,9996,2,2,4,5,0,1,0,1,0,0,0,2,4140,6955,7,230,98,1,1,2,MAOC1119.pdf,00081339.tif,2014,0,1,0,ORIGINAL,10,13,20009,4109,0010922,001,2,128,0,,N,2,,2014-410905
41,6,25,MA,6,17,6,6,CRAB LEDGE,7405,25,1735,1119,0922,10,1,1,2,2,6,1730,4656,9996,2,2,5,8,0,0,1,1,0,0,0,4,4138,6940,10,200,60,1,2,2,MAOC1119.pdf,00081353.tif,2014,0,1,0,ORIGINAL,10,13,20009,4109,0010922,001,2,129,0,,N,2,,2014-410917
41,6,25,MA,6,01,6,6,JEFFREYS LEDGE,6583,25,1505,1205,0024,15,1,2,1,3,6,1445,4671,9996,2,1,4,9,1,1,1,0,1,0,0,4,4242,7020,10,200,58,1,1,1,MAOC1205.pdf,00081356.tif,2014,0,1,0,ORIGINAL,10,13,20009,4110,0090024,009,2,154,0,,N,2,,2014-411001
42,6,25,MA,6,01,6,6,SOUTH JEFFREYS,7478,25,1700,1121,0024,15,3,1,2,1,6,1630,4671,9996,2,1,3,7,0,1,0,1,0,0,0,1,4255,7010,15,200,98,1,2,2,MAOC1121.pdf,00081791.tif,2014,0,1,0,ORIGINAL,10,18,20014,4223,0090024,009,2,141,0,,N,2,,2014-422301
42,6,44,RI,6,02,6,6,BLUEHILL,7478,25,1715,1121,0803,15,1,1,2,1,6,1700,4671,9996,2,12,3,7,1,0,1,1,0,1,0,3,9998,9998,10,200,61,1,2,2,MAOC1121.pdf,00081792.tif,2014,0,1,0,ORIGINAL,10,18,20014,4223,0090803,009,2,140,0,,N,2,,2014-422302
42,6,25,MA,6,07,6,6,JEFFREYS LEDGE,7478,25,1820,1121,0803,15,1,1,2,1,6,1800,4671,9996,2,2,3,8,1,0,1,0,0,1,0,1,4255,7010,7,150,98,2,2,2,MAOC1121.pdf,00081798.tif,2014,0,1,0,ORIGINAL,10,18,20014,4223,0090803,009,2,139,0,,N,2,,2014-422307
42,6,36,NY,6,03,6,FLIES,GARDINERS BAY,7466,36,1745,2207,0085,4,1,2,1,4,6,1715,4681,9996,2,2,1,6,0,1,0,0,0,0,1,1,9998,9998,5,28,98,1,2,1,NYOC2207.pdf,00081908.tif,2014,0,1,0,ORIGINAL,10,20,20016,4255,1030085,103,4,247,0,,N,2,,2014-425503
42,6,25,MA,6,05,6,FLIES,ELBOW,7466,36,1755,2212,0085,4,1,1,2,4,6,1700,4681,9996,2,2,2,7,0,1,0,0,0,0,1,3,9998,9998,1,50,63,1,2,1,NYOC2212.pdf,00081926.tif,2014,0,1,0,ORIGINAL,10,21,20017,4256,1030085,103,4,263,0,,N,2,,2014-425605
42,6,36,NY,6,02,6,FLIES,MONTAUK POINT,7466,36,1545,2214,0085,4,1,2,1,4,6,1500,4681,9996,2,2,2,5,0,1,0,0,0,0,1,2,9998,9998,1,30,59,1,2,1,NYOC2214.pdf,00081945.tif,2014,0,0,0,ORIGINAL,10,24,20020,4257,1030085,103,4,267,0,,N,2,,2014-425702
41,6,36,NY,6,03,6,FLIES AND SPINNERS,GARDINERS BAY,7466,36,1725,1102,0133,4,1,2,1,4,6,1700,4681,9996,2,12,2,8,1,1,0,1,0,0,1,2,4105,7211,8,20,62,1,2,1,NYOC1102.pdf,00081626.tif,2014,0,1,0,ORIGINAL,10,18,20014,4170,1030133,103,4,209,1,Q26;,N,2,,2014-417003
41,6,34,NJ,6,01,6,FLIES AND SPINNERS,GARDINERS BAY,7466,36,1645,1102,0135,4,1,2,1,4,6,1630,4681,9996,2,2,2,7,0,1,0,0,0,0,1,2,4105,7211,10,50,66,1,2,1,NYOC1102.pdf,00081622.tif,2014,0,0,0,ORIGINAL,10,18,20014,4170,1030135,103,4,210,0,,N,2,,2014-417001
41,6,36,NY,6,02,6,METAL SPINNERS,GARDINERS BAY,7466,36,1655,1102,0135,4,1,2,1,4,6,1330,4681,9996,2,1,2,2,0,1,0,0,0,0,1,2,4105,7211,8,60,66,1,2,1,NYOC1102.pdf,00081624.tif,2014,0,1,0,ORIGINAL,10,18,20014,4170,1030135,103,4,211,0,,N,2,,2014-417002
42,6,36,NY,6,04,6,FLIES AND SPINNERS,ELBOW,7466,36,1750,2207,0135,4,1,2,1,4,6,1630,4681,9996,2,2,2,8,0,1,0,0,0,0,1,2,9998,9998,1,30,60,1,2,1,NYOC2207.pdf,00081910.tif,2014,0,1,0,ORIGINAL,10,20,20016,4255,1030135,103,4,248,0,,N,2,,2014-425504
42,6,09,CT,6,05,6,FLIES AND LURES,ELBOW,7466,36,1800,2207,0135,4,1,1,2,4,6,1615,4681,9996,2,2,2,6,0,1,0,0,0,0,1,2,9998,9998,2,40,65,1,2,1,NYOC2207.pdf,00081912.tif,2014,0,0,0,ORIGINAL,10,20,20016,4255,1030135,103,4,249,0,,N,2,,2014-425505
42,6,36,NY,6,01,6,FLIES,ELBOW,7466,36,1530,2212,0135,4,1,1,2,4,6,1500,4681,9996,2,12,2,6,0,1,0,0,0,0,1,2,9998,9998,1,15,60,1,2,1,NYOC2212.pdf,00081918.tif,2014,1,0,0,ORIGINAL,10,21,20017,4256,1030135,103,4,262,1,Q26;,N,2,,2014-425601
41,6,34,NJ,6,04,6,FLY FISHING,ELBOW,7466,36,1740,1107,0372,4,1,1,2,4,6,1700,4681,9996,2,2,3,6,0,1,0,0,0,0,1,3,9998,9998,1,50,61,1,2,1,NYOC1107.pdf,00081494.tif,2014,0,1,0,ORIGINAL,10,12,20008,4138,1030372,103,4,217,0,,N,2,,2014-413804
42,6,36,NY,6,02,6,FLIES AND SPINNERS,MONTAUK POINT,7466,36,1730,2212,0372,4,1,1,2,4,6,1715,4681,9996,2,2,2,7,0,1,0,0,0,0,1,2,9998,9998,3,15,98,1,2,1,NYOC2212.pdf,00081920.tif,2014,0,0,0,ORIGINAL,10,21,20017,4256,1030372,103,4,260,1,Q26;,N,2,,2014-425602
42,6,36,NY,6,04,6,SPINNERS,ELBOW,7466,36,1740,2212,0372,4,1,1,2,4,6,1730,4681,9996,2,2,2,3,0,1,0,0,0,0,1,2,9998,9998,1,99998,98,1,2,1,NYOC2212.pdf,00081924.tif,2014,0,1,0,ORIGINAL,10,21,20017,4256,1030372,103,4,261,0,,N,2,,2014-425604
41,6,51,VA,6,01,6,6,750 LINE,6633,51,1950,2204,0091,1,1,1,2,2,6,1915,4711,4720,2,2,11,9,0,0,1,1,0,0,0,4,9998,9998,80,1300,79,1,1,1,VAOC2204.pdf,00081702.tif,2014,0,1,0,ORIGINAL,10,20,20016,4195,8100091,810,7,285,0,,N,2,,2014-419501
04,9996,23,ME,9996,01,9996,,THE KETTLE,6767,23,1502,2208,1118,2,1,1,2,3,2,1400,4671,4679,2,1,3,18,1,0,0,0,0,0,1,2,4330,6942,10,300,59,1,2,1,,,2014,,,,,10,07,20003,,0051118,005,,,,,,2,LIVE HERRING,2014-23-10-04
17,9996,23,ME,9996,02,9996,,BOONE ISLAND LEDGE,7335,23,1339,1207,0171,7,1,1,2,1,1,1200,4671,9996,2,2,2,5,1,0,0,0,0,0,1,1,4307,7024,10,100,57,1,2,1,,,2014,,,,,10,12,20008,,0310171,031,,,,,,2,ANCHORED,2014-23-10-17
15,9996,23,ME,9996,10,9996,,5 MILES OUT,6767,23,1940,1202,0213,5,4,1,2,3,1,1915,4671,4679,2,2,4,11,1,0,0,0,0,1,1,1,4326,7014,5,130,98,1,2,1,,,2014,,,,,10,11,20007,,0310213,031,,,,,,2,LIVE BAIT,2014-23-10-15
03,9996,23,ME,9996,03,9996,,FRONT,7335,23,1758,2101,0213,5,4,2,2,3,1,1745,4671,9996,2,2,3,8,1,0,0,0,0,0,1,2,4324,7011,10,183,59,1,2,1,,,2014,,,,,10,06,20002,,0310213,031,,,,,,2,ANCHORED,2014-23-10-03
14,9996,23,ME,9996,09,9996,,5 MILES OUT,6767,23,1930,1202,0213,5,4,1,2,3,1,1910,4671,4679,2,2,3,18,1,0,0,0,0,1,0,2,4326,7014,5,118,56,1,1,1,,,2014,,,,,10,11,20007,,0310213,031,,,,,,1,9996,2014-23-10-14
09,9996,23,ME,9996,04,9996,,WOOD ISLAND,6767,23,1629,1202,0881,5,1,1,2,1,1,1615,4671,9996,2,1,4,4,1,0,0,0,0,0,1,2,4326,7016,2,140,98,1,2,1,,,2014,,,,,10,11,20007,,0310881,031,,,,,,2,LIVE BAIT,2014-23-10-09
06,9996,23,ME,9996,01,9996,,THE MUDHOLE,6767,23,1545,1202,0174,5,1,2,2,3,1,1530,4671,9996,2,2,2,8,1,0,0,0,0,0,1,2,4328,7017,4,125,98,1,2,1,,,2014,,,,,10,11,20007,,0310174,031,,,,,,2,"LIVE MACKEREL, ANCHO",2014-23-10-06
18,9996,23,ME,9996,01,OFFSET CIRCLE,,OFF CAPE ANN,2749,23,1700,2102,0149,2,1,1,2,3,1,1530,4671,9996,2,3,2,16,1,0,0,0,0,0,1,2,4240,7023,15,170,55,1,1,1,,,2014,,,,,10,16,20012,,0050149,005,,,,,,2,ANCHORED,2014-23-10-18
10,9996,23,ME,9996,05,9996,,JEFFERIES,6767,23,1703,1202,0174,5,1,1,2,2,1,1655,3591,9996,2,2,3,4,0,0,1,0,1,0,0,2,4310,7005,16,500,61,1,2,2,,,2014,,,,,10,11,20007,,0310174,031,,,,,,2,9996,2014-23-10-10
02,9996,23,ME,9996,02,9996,,CAPE PORPOISE PEAKS,7335,23,1726,2101,0213,5,4,1,2,1,1,1715,4671,9996,2,1,2,12,1,0,0,0,0,0,1,2,4315,7017,7,150,62,1,2,1,,,2014,,,,,10,06,20002,,0310213,031,,,,,,2,ANCHORED,2014-23-10-02
11,9996,23,ME,9996,06,9996,,5 MILES OFF CAPE PORPOISE,6767,23,1754,1202,0213,5,4,1,2,1,1,1735,4671,9996,2,1,2,4,1,0,0,0,0,1,0,2,4321,7020,5,130,58,1,2,1,,,2014,,,,,10,11,20007,,0310213,031,,,,,,2,9996,2014-23-10-11
19,9996,23,ME,9996,01,OFFSET CIRCLE,,OFF WOOD ISLAND,2749,23,1710,1102,0216,5,3,1,2,1,1,1700,4671,9996,2,3,2,7,1,0,0,0,0,0,1,2,4323,7014,10,250,54,1,1,2,,,2014,,,,,10,25,20021,,0310216,031,,,,,,2,ANCHORED,2014-23-10-19
16,9996,23,ME,9996,01,9996,,BOONE ISLAND LEDGE,7335,23,1334,1207,0171,7,1,1,2,2,1,1300,4671,9996,2,1,3,5,1,0,0,0,0,0,1,2,4307,7024,12,120,55,1,2,1,,,2014,,,,,10,12,20008,,0310171,031,,,,,,2,ANCHORED,2014-23-10-16
07,9996,23,ME,9996,02,9996,,TANTAS LEDGE,6767,23,1608,1202,0174,5,1,1,2,1,1,1500,4671,4679,2,2,3,6,1,0,0,0,0,0,1,2,4320,7010,12,305,98,1,2,1,,,2014,,,,,10,11,20007,,0310174,031,,,,,,2,LIVE LINING,2014-23-10-07
12,9996,23,ME,9996,07,9996,,4 MILES OFFSHORE,6767,23,1850,1202,0213,5,4,1,2,1,1,1830,4671,4679,2,1,2,20,1,0,0,0,0,0,1,2,4326,7015,4,125,98,1,2,1,,,2014,,,,,10,11,20007,,0310213,031,,,,,,1,ANCHORED,2014-23-10-12
05,9996,37,NC,9996,02,9996,,THE KETTLE,6767,23,1517,2208,1118,2,1,1,2,3,2,900,4671,4679,2,1,4,56,1,0,0,0,0,0,1,2,4330,6942,22,260,56,1,2,1,,,2014,,,,,10,07,20003,,0051118,005,,,,,,2,ANCHORED W LIVE BAIT,2014-23-10-05
01,9996,23,ME,9996,01,9996,,HARD BOTTOM,7335,23,1707,2101,0174,5,1,1,2,1,1,1700,4671,9996,2,2,2,8,1,0,0,0,0,0,1,2,4325,7012,9,127,98,1,2,1,,,2014,,,,,10,06,20002,,0310174,031,,,,,,2,ANCHORED,2014-23-10-01
13,9996,23,ME,9996,08,9996,,7 MILES OUT,6767,23,1912,1202,0213,5,4,1,2,1,1,1900,4671,4679,2,2,2,12,1,0,0,0,0,0,1,2,4326,7012,7,130,98,1,2,1,,,2014,,,,,10,11,20007,,0310213,031,,,,,,2,ANCHOREDAND DRIFTING,2014-23-10-13
08,9996,23,ME,9996,03,9996,,10 MILES OUT,6767,23,1621,1202,0213,5,4,1,2,3,1,1500,4671,4679,2,2,3,10,1,0,0,0,0,0,1,3,4326,7009,10,200,52,1,2,1,,,2014,,,,,10,11,20007,,0310213,031,,,,,,2,LIVE BAIT,2014-23-10-08
